2025-04-29 22:27:47,921 - csv_importer - INFO - Inserted skipped image ID: image_number.jpg
2025-04-29 22:27:47,988 - csv_importer - INFO - Inserted skipped image ID: 633324.jpg
2025-04-29 22:27:48,052 - csv_importer - INFO - Inserted skipped image ID: 391633.jpg
2025-04-29 22:27:48,127 - csv_importer - INFO - Inserted skipped image ID: 391641.jpg
2025-04-29 22:27:48,199 - csv_importer - INFO - Inserted skipped image ID: 391642.jpg
2025-04-29 22:27:48,264 - csv_importer - INFO - Inserted skipped image ID: 391643.jpg
2025-04-29 22:27:48,335 - csv_importer - INFO - Inserted skipped image ID: 391671.jpg
2025-04-29 22:27:48,410 - csv_importer - INFO - Inserted skipped image ID: 394705.jpg
2025-04-29 22:27:48,477 - csv_importer - INFO - Inserted skipped image ID: 396242.jpg
2025-04-29 22:27:48,545 - csv_importer - INFO - Inserted skipped image ID: 396713.jpg
2025-04-29 22:27:48,618 - csv_importer - INFO - Inserted skipped image ID: 396952.jpg
2025-04-29 22:27:48,685 - csv_importer - INFO - Inserted skipped image ID: 396953.jpg
2025-04-29 22:27:48,748 - csv_importer - INFO - Inserted skipped image ID: 396956.jpg
2025-04-29 22:27:48,813 - csv_importer - INFO - Inserted skipped image ID: 396958.jpg
2025-04-29 22:27:48,885 - csv_importer - INFO - Inserted skipped image ID: 396960.jpg
2025-04-29 22:27:48,951 - csv_importer - INFO - Inserted skipped image ID: 396962.jpg
2025-04-29 22:27:49,016 - csv_importer - INFO - Inserted skipped image ID: 396964.jpg
2025-04-29 22:27:49,080 - csv_importer - INFO - Inserted skipped image ID: 396966.jpg
2025-04-29 22:27:49,155 - csv_importer - INFO - Inserted skipped image ID: 396968.jpg
2025-04-29 22:27:49,227 - csv_importer - INFO - Inserted skipped image ID: 398446.jpg
2025-04-29 22:27:49,292 - csv_importer - INFO - Inserted skipped image ID: 398509.jpg
2025-04-29 22:27:49,355 - csv_importer - INFO - Inserted skipped image ID: 399608.jpg
2025-04-29 22:27:49,419 - csv_importer - INFO - Inserted skipped image ID: 399610.jpg
2025-04-29 22:27:49,497 - csv_importer - INFO - Inserted skipped image ID: 408997.jpg
2025-04-29 22:27:49,572 - csv_importer - INFO - Inserted skipped image ID: 408999.jpg
2025-04-29 22:27:49,683 - csv_importer - INFO - Inserted skipped image ID: 412694.jpg
2025-04-29 22:27:49,762 - csv_importer - INFO - Inserted skipped image ID: 416163.jpg
2025-04-29 22:27:49,845 - csv_importer - INFO - Inserted skipped image ID: 418724.jpg
2025-04-29 22:27:49,917 - csv_importer - INFO - Inserted skipped image ID: 418726.jpg
2025-04-29 22:27:49,983 - csv_importer - INFO - Inserted skipped image ID: 419016.jpg
2025-04-29 22:27:50,055 - csv_importer - INFO - Inserted skipped image ID: 419018.jpg
2025-04-29 22:27:50,122 - csv_importer - INFO - Inserted skipped image ID: 419020.jpg
2025-04-29 22:27:50,194 - csv_importer - INFO - Inserted skipped image ID: 419022.jpg
2025-04-29 22:27:50,259 - csv_importer - INFO - Inserted skipped image ID: 419024.jpg
2025-04-29 22:27:50,324 - csv_importer - INFO - Inserted skipped image ID: 419026.jpg
2025-04-29 22:27:50,388 - csv_importer - INFO - Inserted skipped image ID: 419028.jpg
2025-04-29 22:27:50,450 - csv_importer - INFO - Inserted skipped image ID: 419030.jpg
2025-04-29 22:27:50,519 - csv_importer - INFO - Inserted skipped image ID: 419032.jpg
2025-04-29 22:27:50,581 - csv_importer - INFO - Inserted skipped image ID: 419033.jpg
2025-04-29 22:27:50,655 - csv_importer - INFO - Inserted skipped image ID: 419035.jpg
2025-04-29 22:27:50,719 - csv_importer - INFO - Inserted skipped image ID: 419037.jpg
2025-04-29 22:27:50,797 - csv_importer - INFO - Inserted skipped image ID: 419039.jpg
2025-04-29 22:27:50,874 - csv_importer - INFO - Inserted skipped image ID: 419051.jpg
2025-04-29 22:27:50,942 - csv_importer - INFO - Inserted skipped image ID: 425743.jpg
2025-04-29 22:27:51,015 - csv_importer - INFO - Inserted skipped image ID: 425868.jpg
2025-04-29 22:27:51,074 - csv_importer - INFO - Inserted skipped image ID: 428078.jpg
2025-04-29 22:27:51,139 - csv_importer - INFO - Inserted skipped image ID: 429336.jpg
2025-04-29 22:27:51,204 - csv_importer - INFO - Inserted skipped image ID: 432393.jpg
2025-04-29 22:27:51,276 - csv_importer - INFO - Inserted skipped image ID: 432865.jpg
2025-04-29 22:27:51,340 - csv_importer - INFO - Inserted skipped image ID: 433204.jpg
2025-04-29 22:27:51,415 - csv_importer - INFO - Inserted skipped image ID: 447994.jpg
2025-04-29 22:27:51,504 - csv_importer - INFO - Inserted skipped image ID: 449053.jpg
2025-04-29 22:27:51,575 - csv_importer - INFO - Inserted skipped image ID: 455870.jpg
2025-04-29 22:27:51,634 - csv_importer - INFO - Inserted skipped image ID: 459365.jpg
2025-04-29 22:27:51,708 - csv_importer - INFO - Inserted skipped image ID: 460570.jpg
2025-04-29 22:27:51,775 - csv_importer - INFO - Inserted skipped image ID: 462254.jpg
2025-04-29 22:27:51,846 - csv_importer - INFO - Inserted skipped image ID: 462255.jpg
2025-04-29 22:27:51,911 - csv_importer - INFO - Inserted skipped image ID: 466722.jpg
2025-04-29 22:27:51,995 - csv_importer - INFO - Inserted skipped image ID: 466724.jpg
2025-04-29 22:27:52,069 - csv_importer - INFO - Inserted skipped image ID: 466834.jpg
2025-04-29 22:27:52,133 - csv_importer - INFO - Inserted skipped image ID: 466835.jpg
2025-04-29 22:27:52,199 - csv_importer - INFO - Inserted skipped image ID: 467205.jpg
2025-04-29 22:27:52,266 - csv_importer - INFO - Inserted skipped image ID: 467206.jpg
2025-04-29 22:27:52,332 - csv_importer - INFO - Inserted skipped image ID: 467207.jpg
2025-04-29 22:27:52,398 - csv_importer - INFO - Inserted skipped image ID: 467208.jpg
2025-04-29 22:27:52,467 - csv_importer - INFO - Inserted skipped image ID: 467212.jpg
2025-04-29 22:27:52,532 - csv_importer - INFO - Inserted skipped image ID: 467213.jpg
2025-04-29 22:27:52,594 - csv_importer - INFO - Inserted skipped image ID: 467214.jpg
2025-04-29 22:27:52,665 - csv_importer - INFO - Inserted skipped image ID: 467215.jpg
2025-04-29 22:27:52,729 - csv_importer - INFO - Inserted skipped image ID: 467217.jpg
2025-04-29 22:27:52,791 - csv_importer - INFO - Inserted skipped image ID: 468506.jpg
2025-04-29 22:27:52,858 - csv_importer - INFO - Inserted skipped image ID: 469421.jpg
2025-04-29 22:27:52,933 - csv_importer - INFO - Inserted skipped image ID: 469574.jpg
2025-04-29 22:27:53,002 - csv_importer - INFO - Inserted skipped image ID: 469577.jpg
2025-04-29 22:27:53,072 - csv_importer - INFO - Inserted skipped image ID: 470259.jpg
2025-04-29 22:27:53,131 - csv_importer - INFO - Inserted skipped image ID: 477771.jpg
2025-04-29 22:27:53,194 - csv_importer - INFO - Inserted skipped image ID: 477773.jpg
2025-04-29 22:27:53,258 - csv_importer - INFO - Inserted skipped image ID: 477775.jpg
2025-04-29 22:27:53,327 - csv_importer - INFO - Inserted skipped image ID: 477777.jpg
2025-04-29 22:27:53,397 - csv_importer - INFO - Inserted skipped image ID: 477778.jpg
2025-04-29 22:27:53,481 - csv_importer - INFO - Inserted skipped image ID: 477780.jpg
2025-04-29 22:27:53,548 - csv_importer - INFO - Inserted skipped image ID: 477782.jpg
2025-04-29 22:27:53,612 - csv_importer - INFO - Inserted skipped image ID: 477784.jpg
2025-04-29 22:27:53,680 - csv_importer - INFO - Inserted skipped image ID: 477786.jpg
2025-04-29 22:27:53,750 - csv_importer - INFO - Inserted skipped image ID: 477788.jpg
2025-04-29 22:27:53,819 - csv_importer - INFO - Inserted skipped image ID: 477790.jpg
2025-04-29 22:27:53,882 - csv_importer - INFO - Inserted skipped image ID: 477791.jpg
2025-04-29 22:27:53,957 - csv_importer - INFO - Inserted skipped image ID: 477793.jpg
2025-04-29 22:27:54,021 - csv_importer - INFO - Inserted skipped image ID: 477795.jpg
2025-04-29 22:27:54,093 - csv_importer - INFO - Inserted skipped image ID: 477796.jpg
2025-04-29 22:27:54,160 - csv_importer - INFO - Inserted skipped image ID: 477797.jpg
2025-04-29 22:27:54,234 - csv_importer - INFO - Inserted skipped image ID: 477799.jpg
2025-04-29 22:27:54,311 - csv_importer - INFO - Inserted skipped image ID: 477801.jpg
2025-04-29 22:27:54,377 - csv_importer - INFO - Inserted skipped image ID: 481346.jpg
2025-04-29 22:27:54,440 - csv_importer - INFO - Inserted skipped image ID: 481933.jpg
2025-04-29 22:27:54,505 - csv_importer - INFO - Inserted skipped image ID: 482216.jpg
2025-04-29 22:27:54,575 - csv_importer - INFO - Inserted skipped image ID: 482511.jpg
2025-04-29 22:27:54,640 - csv_importer - INFO - Inserted skipped image ID: 494376.jpg
2025-04-29 22:27:54,704 - csv_importer - INFO - Inserted skipped image ID: 499369.jpg
2025-04-29 22:27:54,767 - csv_importer - INFO - Inserted skipped image ID: 499370.jpg
2025-04-29 22:27:54,845 - csv_importer - INFO - Inserted skipped image ID: 500700.jpg
2025-04-29 22:27:54,915 - csv_importer - INFO - Inserted skipped image ID: 505394.jpg
2025-04-29 22:27:54,984 - csv_importer - INFO - Inserted skipped image ID: 511806.jpg
2025-04-29 22:27:55,053 - csv_importer - INFO - Inserted skipped image ID: 512261.jpg
2025-04-29 22:27:55,118 - csv_importer - INFO - Inserted skipped image ID: 514371.jpg
2025-04-29 22:27:55,180 - csv_importer - INFO - Inserted skipped image ID: 515485.jpg
2025-04-29 22:27:55,246 - csv_importer - INFO - Inserted skipped image ID: 518002.jpg
2025-04-29 22:27:55,323 - csv_importer - INFO - Inserted skipped image ID: 518003.jpg
2025-04-29 22:27:55,393 - csv_importer - INFO - Inserted skipped image ID: 518128.jpg
2025-04-29 22:27:55,462 - csv_importer - INFO - Inserted skipped image ID: 518129.jpg
2025-04-29 22:27:55,530 - csv_importer - INFO - Inserted skipped image ID: 524846.jpg
2025-04-29 22:27:55,597 - csv_importer - INFO - Inserted skipped image ID: 526414.jpg
2025-04-29 22:27:55,670 - csv_importer - INFO - Inserted skipped image ID: 526416.jpg
2025-04-29 22:27:55,734 - csv_importer - INFO - Inserted skipped image ID: 526418.jpg
2025-04-29 22:27:55,798 - csv_importer - INFO - Inserted skipped image ID: 526420.jpg
2025-04-29 22:27:55,862 - csv_importer - INFO - Inserted skipped image ID: 526422.jpg
2025-04-29 22:27:55,929 - csv_importer - INFO - Inserted skipped image ID: 526424.jpg
2025-04-29 22:27:55,996 - csv_importer - INFO - Inserted skipped image ID: 526426.jpg
2025-04-29 22:27:56,064 - csv_importer - INFO - Inserted skipped image ID: 526428.jpg
2025-04-29 22:27:56,136 - csv_importer - INFO - Inserted skipped image ID: 527363.jpg
2025-04-29 22:27:56,198 - csv_importer - INFO - Inserted skipped image ID: 527647.jpg
2025-04-29 22:27:56,264 - csv_importer - INFO - Inserted skipped image ID: 527649.jpg
2025-04-29 22:27:56,329 - csv_importer - INFO - Inserted skipped image ID: 527651.jpg
2025-04-29 22:27:56,395 - csv_importer - INFO - Inserted skipped image ID: 527653.jpg
2025-04-29 22:27:56,461 - csv_importer - INFO - Inserted skipped image ID: 527655.jpg
2025-04-29 22:27:56,523 - csv_importer - INFO - Inserted skipped image ID: 535967.jpg
2025-04-29 22:27:56,595 - csv_importer - INFO - Inserted skipped image ID: 542139.jpg
2025-04-29 22:27:56,661 - csv_importer - INFO - Inserted skipped image ID: 545545.jpg
2025-04-29 22:27:56,724 - csv_importer - INFO - Inserted skipped image ID: 545546.jpg
2025-04-29 22:27:56,788 - csv_importer - INFO - Inserted skipped image ID: 546445.jpg
2025-04-29 22:27:56,865 - csv_importer - INFO - Inserted skipped image ID: 546545.jpg
2025-04-29 22:27:56,933 - csv_importer - INFO - Inserted skipped image ID: 546547.jpg
2025-04-29 22:27:57,000 - csv_importer - INFO - Inserted skipped image ID: 550403.jpg
2025-04-29 22:27:57,067 - csv_importer - INFO - Inserted skipped image ID: 550404.jpg
2025-04-29 22:27:57,131 - csv_importer - INFO - Inserted skipped image ID: 551310.jpg
2025-04-29 22:27:57,196 - csv_importer - INFO - Inserted skipped image ID: 553678.jpg
2025-04-29 22:27:57,268 - csv_importer - INFO - Inserted skipped image ID: 571967.jpg
2025-04-29 22:27:57,328 - csv_importer - INFO - Inserted skipped image ID: 572206.jpg
2025-04-29 22:27:57,390 - csv_importer - INFO - Inserted skipped image ID: 572235.jpg
2025-04-29 22:27:57,455 - csv_importer - INFO - Inserted skipped image ID: 579701.jpg
2025-04-29 22:27:57,525 - csv_importer - INFO - Inserted skipped image ID: 579704.jpg
2025-04-29 22:27:57,592 - csv_importer - INFO - Inserted skipped image ID: 588268.jpg
2025-04-29 22:27:57,658 - csv_importer - INFO - Inserted skipped image ID: 588271.jpg
2025-04-29 22:27:57,724 - csv_importer - INFO - Inserted skipped image ID: 588273.jpg
2025-04-29 22:27:57,798 - csv_importer - INFO - Inserted skipped image ID: 588293.jpg
2025-04-29 22:27:57,863 - csv_importer - INFO - Inserted skipped image ID: 589480.jpg
2025-04-29 22:27:57,931 - csv_importer - INFO - Inserted skipped image ID: 591643.jpg
2025-04-29 22:27:57,998 - csv_importer - INFO - Inserted skipped image ID: 591647.jpg
2025-04-29 22:27:58,070 - csv_importer - INFO - Inserted skipped image ID: 597853.jpg
2025-04-29 22:27:58,133 - csv_importer - INFO - Inserted skipped image ID: 599092.jpg
2025-04-29 22:27:58,203 - csv_importer - INFO - Inserted skipped image ID: 607464.jpg
2025-04-29 22:27:58,270 - csv_importer - INFO - Inserted skipped image ID: 614990.jpg
2025-04-29 22:27:58,334 - csv_importer - INFO - Inserted skipped image ID: 631638.jpg
2025-04-29 22:27:58,403 - csv_importer - INFO - Inserted skipped image ID: 631639.jpg
2025-04-29 22:27:58,473 - csv_importer - INFO - Inserted skipped image ID: 632487.jpg
2025-04-29 22:27:58,544 - csv_importer - INFO - Inserted skipped image ID: 107592.jpg
2025-04-29 22:27:58,610 - csv_importer - INFO - Inserted skipped image ID: 107417.jpg
2025-04-29 22:27:58,678 - csv_importer - INFO - Inserted skipped image ID: 107418.jpg
2025-04-29 22:27:58,738 - csv_importer - INFO - Inserted skipped image ID: 107419.jpg
2025-04-29 22:27:58,803 - csv_importer - INFO - Inserted skipped image ID: 107577.jpg
2025-04-29 22:27:58,868 - csv_importer - INFO - Inserted skipped image ID: 107578.jpg
2025-04-29 22:27:58,941 - csv_importer - INFO - Inserted skipped image ID: 107581.jpg
2025-04-29 22:27:59,009 - csv_importer - INFO - Inserted skipped image ID: 107582.jpg
2025-04-29 22:27:59,072 - csv_importer - INFO - Inserted skipped image ID: 107584.jpg
2025-04-29 22:27:59,141 - csv_importer - INFO - Inserted skipped image ID: 107585.jpg
2025-04-29 22:27:59,205 - csv_importer - INFO - Inserted skipped image ID: 107586.jpg
2025-04-29 22:27:59,274 - csv_importer - INFO - Inserted skipped image ID: 107588.jpg
2025-04-29 22:27:59,343 - csv_importer - INFO - Inserted skipped image ID: 107589.jpg
2025-04-29 22:27:59,414 - csv_importer - INFO - Inserted skipped image ID: 107591.jpg
2025-04-29 22:27:59,479 - csv_importer - INFO - Inserted skipped image ID: 391628.jpg
2025-04-29 22:27:59,550 - csv_importer - INFO - Inserted skipped image ID: 338764.jpg
2025-04-29 22:27:59,617 - csv_importer - INFO - Inserted skipped image ID: 338919.jpg
2025-04-29 22:27:59,683 - csv_importer - INFO - Inserted skipped image ID: 339357.jpg
2025-04-29 22:27:59,747 - csv_importer - INFO - Inserted skipped image ID: 339445.jpg
2025-04-29 22:27:59,810 - csv_importer - INFO - Inserted skipped image ID: 341651.jpg
2025-04-29 22:27:59,882 - csv_importer - INFO - Inserted skipped image ID: 341655.jpg
2025-04-29 22:27:59,952 - csv_importer - INFO - Inserted skipped image ID: 342615.jpg
2025-04-29 22:28:00,014 - csv_importer - INFO - Inserted skipped image ID: 344287.jpg
2025-04-29 22:28:00,084 - csv_importer - INFO - Inserted skipped image ID: 344352.jpg
2025-04-29 22:28:00,152 - csv_importer - INFO - Inserted skipped image ID: 344353.jpg
2025-04-29 22:28:00,213 - csv_importer - INFO - Inserted skipped image ID: 347211.jpg
2025-04-29 22:28:00,274 - csv_importer - INFO - Inserted skipped image ID: 347646.jpg
2025-04-29 22:28:00,348 - csv_importer - INFO - Inserted skipped image ID: 352910.jpg
2025-04-29 22:28:00,418 - csv_importer - INFO - Inserted skipped image ID: 352950.jpg
2025-04-29 22:28:00,482 - csv_importer - INFO - Inserted skipped image ID: 352954.jpg
2025-04-29 22:28:00,549 - csv_importer - INFO - Inserted skipped image ID: 354172.jpg
2025-04-29 22:28:00,612 - csv_importer - INFO - Inserted skipped image ID: 356923.jpg
2025-04-29 22:28:00,692 - csv_importer - INFO - Inserted skipped image ID: 365473.jpg
2025-04-29 22:28:00,753 - csv_importer - INFO - Inserted skipped image ID: 365474.jpg
2025-04-29 22:28:00,833 - csv_importer - INFO - Inserted skipped image ID: 365486.jpg
2025-04-29 22:28:00,916 - csv_importer - INFO - Inserted skipped image ID: 379398.jpg
2025-04-29 22:28:00,977 - csv_importer - INFO - Inserted skipped image ID: 379399.jpg
2025-04-29 22:28:01,051 - csv_importer - INFO - Inserted skipped image ID: 379405.jpg
2025-04-29 22:28:01,125 - csv_importer - INFO - Inserted skipped image ID: 379407.jpg
2025-04-29 22:28:01,194 - csv_importer - INFO - Inserted skipped image ID: 380319.jpg
2025-04-29 22:28:01,266 - csv_importer - INFO - Inserted skipped image ID: 380488.jpg
2025-04-29 22:28:01,354 - csv_importer - INFO - Inserted skipped image ID: 381404.jpg
2025-04-29 22:28:01,428 - csv_importer - INFO - Inserted skipped image ID: 381740.jpg
2025-04-29 22:28:01,489 - csv_importer - INFO - Inserted skipped image ID: 382172.jpg
2025-04-29 22:28:01,572 - csv_importer - INFO - Inserted skipped image ID: 382467.jpg
2025-04-29 22:28:01,636 - csv_importer - INFO - Inserted skipped image ID: 385546.jpg
2025-04-29 22:28:01,700 - csv_importer - INFO - Inserted skipped image ID: 385856.jpg
2025-04-29 22:28:01,761 - csv_importer - INFO - Inserted skipped image ID: 385857.jpg
2025-04-29 22:28:01,841 - csv_importer - INFO - Inserted skipped image ID: 387645.jpg
2025-04-29 22:28:01,905 - csv_importer - INFO - Inserted skipped image ID: 387774.jpg
2025-04-29 22:28:01,968 - csv_importer - INFO - Inserted skipped image ID: 388465.jpg
2025-04-29 22:28:02,032 - csv_importer - INFO - Inserted skipped image ID: 388466.jpg
2025-04-29 22:28:02,096 - csv_importer - INFO - Inserted skipped image ID: 389501.jpg
2025-04-29 22:28:02,159 - csv_importer - INFO - Inserted skipped image ID: 389707.jpg
2025-04-29 22:28:02,244 - csv_importer - INFO - Inserted skipped image ID: 390814.jpg
2025-04-29 22:28:02,318 - csv_importer - INFO - Inserted skipped image ID: 391092.jpg
2025-04-29 22:28:02,398 - csv_importer - INFO - Inserted skipped image ID: 391609.jpg
2025-04-29 22:28:02,461 - csv_importer - INFO - Inserted skipped image ID: 391620.jpg
2025-04-29 22:28:02,540 - csv_importer - INFO - Inserted skipped image ID: 391622.jpg
2025-04-29 22:28:02,612 - csv_importer - INFO - Inserted skipped image ID: 391623.jpg
2025-04-29 22:28:02,669 - csv_importer - INFO - Inserted skipped image ID: 391624.jpg
2025-04-29 22:28:02,735 - csv_importer - INFO - Inserted skipped image ID: 391625.jpg
2025-04-29 22:28:02,795 - csv_importer - INFO - Inserted skipped image ID: 391626.jpg
2025-04-29 22:28:02,858 - csv_importer - INFO - Inserted skipped image ID: 391627.jpg
2025-04-29 22:28:02,939 - csv_importer - INFO - Inserted skipped image ID: 108959.jpg
2025-04-29 22:28:03,004 - csv_importer - INFO - Inserted skipped image ID: 108960.jpg
2025-04-29 22:28:03,064 - csv_importer - INFO - Inserted skipped image ID: 108961.jpg
2025-04-29 22:28:03,127 - csv_importer - INFO - Inserted skipped image ID: 108962.jpg
2025-04-29 22:28:03,194 - csv_importer - INFO - Inserted skipped image ID: 108963.jpg
2025-04-29 22:28:03,274 - csv_importer - INFO - Inserted skipped image ID: 108964.jpg
2025-04-29 22:28:03,350 - csv_importer - INFO - Inserted skipped image ID: 108965.jpg
2025-04-29 22:28:03,416 - csv_importer - INFO - Inserted skipped image ID: 108966.jpg
2025-04-29 22:28:03,496 - csv_importer - INFO - Inserted skipped image ID: 108967.jpg
2025-04-29 22:28:03,558 - csv_importer - INFO - Inserted skipped image ID: 108968.jpg
2025-04-29 22:28:03,637 - csv_importer - INFO - Inserted skipped image ID: 108970.jpg
2025-04-29 22:28:03,702 - csv_importer - INFO - Inserted skipped image ID: 108971.jpg
2025-04-29 22:28:03,764 - csv_importer - INFO - Inserted skipped image ID: 108972.jpg
2025-04-29 22:28:03,828 - csv_importer - INFO - Inserted skipped image ID: 108973.jpg
2025-04-29 22:28:03,896 - csv_importer - INFO - Inserted skipped image ID: 337226.jpg
2025-04-29 22:28:03,959 - csv_importer - INFO - Inserted skipped image ID: 111373.jpg
2025-04-29 22:28:04,019 - csv_importer - INFO - Inserted skipped image ID: 111374.jpg
2025-04-29 22:28:04,098 - csv_importer - INFO - Inserted skipped image ID: 111375.jpg
2025-04-29 22:28:04,161 - csv_importer - INFO - Inserted skipped image ID: 111376.jpg
2025-04-29 22:28:04,241 - csv_importer - INFO - Inserted skipped image ID: 111377.jpg
2025-04-29 22:28:04,305 - csv_importer - INFO - Inserted skipped image ID: 111378.jpg
2025-04-29 22:28:04,368 - csv_importer - INFO - Inserted skipped image ID: 111379.jpg
2025-04-29 22:28:04,432 - csv_importer - INFO - Inserted skipped image ID: 111380.jpg
2025-04-29 22:28:04,479 - csv_importer - INFO - Inserted skipped image ID: 111389.jpg
2025-04-29 22:28:04,542 - csv_importer - INFO - Inserted skipped image ID: 111390.jpg
2025-04-29 22:28:04,619 - csv_importer - INFO - Inserted skipped image ID: 111391.jpg
2025-04-29 22:28:04,686 - csv_importer - INFO - Inserted skipped image ID: 111392.jpg
2025-04-29 22:28:04,758 - csv_importer - INFO - Inserted skipped image ID: 118444.jpg
2025-04-29 22:28:04,827 - csv_importer - INFO - Inserted skipped image ID: 118447.jpg
2025-04-29 22:28:04,892 - csv_importer - INFO - Inserted skipped image ID: 118448.jpg
2025-04-29 22:28:50,370 - csv_importer - ERROR - Error inserting skipped image ID: E11000 duplicate key error collection: tcg_database.jap_skipped_images index: image_name_1 dup key: { image_name: "image_number.jpg" }, full error: {'index': 0, 'code': 11000, 'errmsg': 'E11000 duplicate key error collection: tcg_database.jap_skipped_images index: image_name_1 dup key: { image_name: "image_number.jpg" }', 'keyPattern': {'image_name': 1}, 'keyValue': {'image_name': 'image_number.jpg'}}
2025-04-29 22:28:50,434 - csv_importer - ERROR - Error inserting skipped image ID: E11000 duplicate key error collection: tcg_database.jap_skipped_images index: image_name_1 dup key: { image_name: "633324.jpg" }, full error: {'index': 0, 'code': 11000, 'errmsg': 'E11000 duplicate key error collection: tcg_database.jap_skipped_images index: image_name_1 dup key: { image_name: "633324.jpg" }', 'keyPattern': {'image_name': 1}, 'keyValue': {'image_name': '633324.jpg'}}
2025-04-29 22:28:50,493 - csv_importer - ERROR - Error inserting skipped image ID: E11000 duplicate key error collection: tcg_database.jap_skipped_images index: image_name_1 dup key: { image_name: "391633.jpg" }, full error: {'index': 0, 'code': 11000, 'errmsg': 'E11000 duplicate key error collection: tcg_database.jap_skipped_images index: image_name_1 dup key: { image_name: "391633.jpg" }', 'keyPattern': {'image_name': 1}, 'keyValue': {'image_name': '391633.jpg'}}
2025-04-29 22:28:50,555 - csv_importer - ERROR - Error inserting skipped image ID: E11000 duplicate key error collection: tcg_database.jap_skipped_images index: image_name_1 dup key: { image_name: "391641.jpg" }, full error: {'index': 0, 'code': 11000, 'errmsg': 'E11000 duplicate key error collection: tcg_database.jap_skipped_images index: image_name_1 dup key: { image_name: "391641.jpg" }', 'keyPattern': {'image_name': 1}, 'keyValue': {'image_name': '391641.jpg'}}
2025-04-29 22:28:50,615 - csv_importer - ERROR - Error inserting skipped image ID: E11000 duplicate key error collection: tcg_database.jap_skipped_images index: image_name_1 dup key: { image_name: "391642.jpg" }, full error: {'index': 0, 'code': 11000, 'errmsg': 'E11000 duplicate key error collection: tcg_database.jap_skipped_images index: image_name_1 dup key: { image_name: "391642.jpg" }', 'keyPattern': {'image_name': 1}, 'keyValue': {'image_name': '391642.jpg'}}
2025-04-29 22:28:50,672 - csv_importer - ERROR - Error inserting skipped image ID: E11000 duplicate key error collection: tcg_database.jap_skipped_images index: image_name_1 dup key: { image_name: "391643.jpg" }, full error: {'index': 0, 'code': 11000, 'errmsg': 'E11000 duplicate key error collection: tcg_database.jap_skipped_images index: image_name_1 dup key: { image_name: "391643.jpg" }', 'keyPattern': {'image_name': 1}, 'keyValue': {'image_name': '391643.jpg'}}
2025-04-29 22:28:50,732 - csv_importer - ERROR - Error inserting skipped image ID: E11000 duplicate key error collection: tcg_database.jap_skipped_images index: image_name_1 dup key: { image_name: "391671.jpg" }, full error: {'index': 0, 'code': 11000, 'errmsg': 'E11000 duplicate key error collection: tcg_database.jap_skipped_images index: image_name_1 dup key: { image_name: "391671.jpg" }', 'keyPattern': {'image_name': 1}, 'keyValue': {'image_name': '391671.jpg'}}
2025-04-29 22:28:50,794 - csv_importer - ERROR - Error inserting skipped image ID: E11000 duplicate key error collection: tcg_database.jap_skipped_images index: image_name_1 dup key: { image_name: "394705.jpg" }, full error: {'index': 0, 'code': 11000, 'errmsg': 'E11000 duplicate key error collection: tcg_database.jap_skipped_images index: image_name_1 dup key: { image_name: "394705.jpg" }', 'keyPattern': {'image_name': 1}, 'keyValue': {'image_name': '394705.jpg'}}
2025-04-29 22:28:50,853 - csv_importer - ERROR - Error inserting skipped image ID: E11000 duplicate key error collection: tcg_database.jap_skipped_images index: image_name_1 dup key: { image_name: "396242.jpg" }, full error: {'index': 0, 'code': 11000, 'errmsg': 'E11000 duplicate key error collection: tcg_database.jap_skipped_images index: image_name_1 dup key: { image_name: "396242.jpg" }', 'keyPattern': {'image_name': 1}, 'keyValue': {'image_name': '396242.jpg'}}
2025-04-29 22:28:50,913 - csv_importer - ERROR - Error inserting skipped image ID: E11000 duplicate key error collection: tcg_database.jap_skipped_images index: image_name_1 dup key: { image_name: "396713.jpg" }, full error: {'index': 0, 'code': 11000, 'errmsg': 'E11000 duplicate key error collection: tcg_database.jap_skipped_images index: image_name_1 dup key: { image_name: "396713.jpg" }', 'keyPattern': {'image_name': 1}, 'keyValue': {'image_name': '396713.jpg'}}
2025-04-29 22:28:50,971 - csv_importer - ERROR - Error inserting skipped image ID: E11000 duplicate key error collection: tcg_database.jap_skipped_images index: image_name_1 dup key: { image_name: "396952.jpg" }, full error: {'index': 0, 'code': 11000, 'errmsg': 'E11000 duplicate key error collection: tcg_database.jap_skipped_images index: image_name_1 dup key: { image_name: "396952.jpg" }', 'keyPattern': {'image_name': 1}, 'keyValue': {'image_name': '396952.jpg'}}
2025-04-29 22:28:51,029 - csv_importer - ERROR - Error inserting skipped image ID: E11000 duplicate key error collection: tcg_database.jap_skipped_images index: image_name_1 dup key: { image_name: "396953.jpg" }, full error: {'index': 0, 'code': 11000, 'errmsg': 'E11000 duplicate key error collection: tcg_database.jap_skipped_images index: image_name_1 dup key: { image_name: "396953.jpg" }', 'keyPattern': {'image_name': 1}, 'keyValue': {'image_name': '396953.jpg'}}
2025-04-29 22:28:51,089 - csv_importer - ERROR - Error inserting skipped image ID: E11000 duplicate key error collection: tcg_database.jap_skipped_images index: image_name_1 dup key: { image_name: "396956.jpg" }, full error: {'index': 0, 'code': 11000, 'errmsg': 'E11000 duplicate key error collection: tcg_database.jap_skipped_images index: image_name_1 dup key: { image_name: "396956.jpg" }', 'keyPattern': {'image_name': 1}, 'keyValue': {'image_name': '396956.jpg'}}
2025-04-29 22:28:51,152 - csv_importer - ERROR - Error inserting skipped image ID: E11000 duplicate key error collection: tcg_database.jap_skipped_images index: image_name_1 dup key: { image_name: "396958.jpg" }, full error: {'index': 0, 'code': 11000, 'errmsg': 'E11000 duplicate key error collection: tcg_database.jap_skipped_images index: image_name_1 dup key: { image_name: "396958.jpg" }', 'keyPattern': {'image_name': 1}, 'keyValue': {'image_name': '396958.jpg'}}
2025-04-29 22:28:51,213 - csv_importer - ERROR - Error inserting skipped image ID: E11000 duplicate key error collection: tcg_database.jap_skipped_images index: image_name_1 dup key: { image_name: "396960.jpg" }, full error: {'index': 0, 'code': 11000, 'errmsg': 'E11000 duplicate key error collection: tcg_database.jap_skipped_images index: image_name_1 dup key: { image_name: "396960.jpg" }', 'keyPattern': {'image_name': 1}, 'keyValue': {'image_name': '396960.jpg'}}
2025-04-29 22:28:51,281 - csv_importer - ERROR - Error inserting skipped image ID: E11000 duplicate key error collection: tcg_database.jap_skipped_images index: image_name_1 dup key: { image_name: "396962.jpg" }, full error: {'index': 0, 'code': 11000, 'errmsg': 'E11000 duplicate key error collection: tcg_database.jap_skipped_images index: image_name_1 dup key: { image_name: "396962.jpg" }', 'keyPattern': {'image_name': 1}, 'keyValue': {'image_name': '396962.jpg'}}
2025-04-29 22:28:51,343 - csv_importer - ERROR - Error inserting skipped image ID: E11000 duplicate key error collection: tcg_database.jap_skipped_images index: image_name_1 dup key: { image_name: "396964.jpg" }, full error: {'index': 0, 'code': 11000, 'errmsg': 'E11000 duplicate key error collection: tcg_database.jap_skipped_images index: image_name_1 dup key: { image_name: "396964.jpg" }', 'keyPattern': {'image_name': 1}, 'keyValue': {'image_name': '396964.jpg'}}
2025-04-29 22:28:51,401 - csv_importer - ERROR - Error inserting skipped image ID: E11000 duplicate key error collection: tcg_database.jap_skipped_images index: image_name_1 dup key: { image_name: "396966.jpg" }, full error: {'index': 0, 'code': 11000, 'errmsg': 'E11000 duplicate key error collection: tcg_database.jap_skipped_images index: image_name_1 dup key: { image_name: "396966.jpg" }', 'keyPattern': {'image_name': 1}, 'keyValue': {'image_name': '396966.jpg'}}
2025-04-29 22:28:51,458 - csv_importer - ERROR - Error inserting skipped image ID: E11000 duplicate key error collection: tcg_database.jap_skipped_images index: image_name_1 dup key: { image_name: "396968.jpg" }, full error: {'index': 0, 'code': 11000, 'errmsg': 'E11000 duplicate key error collection: tcg_database.jap_skipped_images index: image_name_1 dup key: { image_name: "396968.jpg" }', 'keyPattern': {'image_name': 1}, 'keyValue': {'image_name': '396968.jpg'}}
2025-04-29 22:28:51,534 - csv_importer - ERROR - Error inserting skipped image ID: E11000 duplicate key error collection: tcg_database.jap_skipped_images index: image_name_1 dup key: { image_name: "398446.jpg" }, full error: {'index': 0, 'code': 11000, 'errmsg': 'E11000 duplicate key error collection: tcg_database.jap_skipped_images index: image_name_1 dup key: { image_name: "398446.jpg" }', 'keyPattern': {'image_name': 1}, 'keyValue': {'image_name': '398446.jpg'}}
2025-04-29 22:28:51,594 - csv_importer - ERROR - Error inserting skipped image ID: E11000 duplicate key error collection: tcg_database.jap_skipped_images index: image_name_1 dup key: { image_name: "398509.jpg" }, full error: {'index': 0, 'code': 11000, 'errmsg': 'E11000 duplicate key error collection: tcg_database.jap_skipped_images index: image_name_1 dup key: { image_name: "398509.jpg" }', 'keyPattern': {'image_name': 1}, 'keyValue': {'image_name': '398509.jpg'}}
2025-04-29 22:28:51,651 - csv_importer - ERROR - Error inserting skipped image ID: E11000 duplicate key error collection: tcg_database.jap_skipped_images index: image_name_1 dup key: { image_name: "399608.jpg" }, full error: {'index': 0, 'code': 11000, 'errmsg': 'E11000 duplicate key error collection: tcg_database.jap_skipped_images index: image_name_1 dup key: { image_name: "399608.jpg" }', 'keyPattern': {'image_name': 1}, 'keyValue': {'image_name': '399608.jpg'}}
2025-04-29 22:28:51,714 - csv_importer - ERROR - Error inserting skipped image ID: E11000 duplicate key error collection: tcg_database.jap_skipped_images index: image_name_1 dup key: { image_name: "399610.jpg" }, full error: {'index': 0, 'code': 11000, 'errmsg': 'E11000 duplicate key error collection: tcg_database.jap_skipped_images index: image_name_1 dup key: { image_name: "399610.jpg" }', 'keyPattern': {'image_name': 1}, 'keyValue': {'image_name': '399610.jpg'}}
2025-04-29 22:28:51,777 - csv_importer - ERROR - Error inserting skipped image ID: E11000 duplicate key error collection: tcg_database.jap_skipped_images index: image_name_1 dup key: { image_name: "408997.jpg" }, full error: {'index': 0, 'code': 11000, 'errmsg': 'E11000 duplicate key error collection: tcg_database.jap_skipped_images index: image_name_1 dup key: { image_name: "408997.jpg" }', 'keyPattern': {'image_name': 1}, 'keyValue': {'image_name': '408997.jpg'}}
2025-04-29 22:28:51,862 - csv_importer - ERROR - Error inserting skipped image ID: E11000 duplicate key error collection: tcg_database.jap_skipped_images index: image_name_1 dup key: { image_name: "408999.jpg" }, full error: {'index': 0, 'code': 11000, 'errmsg': 'E11000 duplicate key error collection: tcg_database.jap_skipped_images index: image_name_1 dup key: { image_name: "408999.jpg" }', 'keyPattern': {'image_name': 1}, 'keyValue': {'image_name': '408999.jpg'}}
2025-04-29 22:28:51,924 - csv_importer - ERROR - Error inserting skipped image ID: E11000 duplicate key error collection: tcg_database.jap_skipped_images index: image_name_1 dup key: { image_name: "412694.jpg" }, full error: {'index': 0, 'code': 11000, 'errmsg': 'E11000 duplicate key error collection: tcg_database.jap_skipped_images index: image_name_1 dup key: { image_name: "412694.jpg" }', 'keyPattern': {'image_name': 1}, 'keyValue': {'image_name': '412694.jpg'}}
2025-04-29 22:28:51,987 - csv_importer - ERROR - Error inserting skipped image ID: E11000 duplicate key error collection: tcg_database.jap_skipped_images index: image_name_1 dup key: { image_name: "416163.jpg" }, full error: {'index': 0, 'code': 11000, 'errmsg': 'E11000 duplicate key error collection: tcg_database.jap_skipped_images index: image_name_1 dup key: { image_name: "416163.jpg" }', 'keyPattern': {'image_name': 1}, 'keyValue': {'image_name': '416163.jpg'}}
2025-04-29 22:28:52,049 - csv_importer - ERROR - Error inserting skipped image ID: E11000 duplicate key error collection: tcg_database.jap_skipped_images index: image_name_1 dup key: { image_name: "418724.jpg" }, full error: {'index': 0, 'code': 11000, 'errmsg': 'E11000 duplicate key error collection: tcg_database.jap_skipped_images index: image_name_1 dup key: { image_name: "418724.jpg" }', 'keyPattern': {'image_name': 1}, 'keyValue': {'image_name': '418724.jpg'}}
2025-04-29 22:28:52,111 - csv_importer - ERROR - Error inserting skipped image ID: E11000 duplicate key error collection: tcg_database.jap_skipped_images index: image_name_1 dup key: { image_name: "418726.jpg" }, full error: {'index': 0, 'code': 11000, 'errmsg': 'E11000 duplicate key error collection: tcg_database.jap_skipped_images index: image_name_1 dup key: { image_name: "418726.jpg" }', 'keyPattern': {'image_name': 1}, 'keyValue': {'image_name': '418726.jpg'}}
2025-04-29 22:28:52,174 - csv_importer - ERROR - Error inserting skipped image ID: E11000 duplicate key error collection: tcg_database.jap_skipped_images index: image_name_1 dup key: { image_name: "419016.jpg" }, full error: {'index': 0, 'code': 11000, 'errmsg': 'E11000 duplicate key error collection: tcg_database.jap_skipped_images index: image_name_1 dup key: { image_name: "419016.jpg" }', 'keyPattern': {'image_name': 1}, 'keyValue': {'image_name': '419016.jpg'}}
2025-04-29 22:28:52,246 - csv_importer - ERROR - Error inserting skipped image ID: E11000 duplicate key error collection: tcg_database.jap_skipped_images index: image_name_1 dup key: { image_name: "419018.jpg" }, full error: {'index': 0, 'code': 11000, 'errmsg': 'E11000 duplicate key error collection: tcg_database.jap_skipped_images index: image_name_1 dup key: { image_name: "419018.jpg" }', 'keyPattern': {'image_name': 1}, 'keyValue': {'image_name': '419018.jpg'}}
2025-04-29 22:28:52,310 - csv_importer - ERROR - Error inserting skipped image ID: E11000 duplicate key error collection: tcg_database.jap_skipped_images index: image_name_1 dup key: { image_name: "419020.jpg" }, full error: {'index': 0, 'code': 11000, 'errmsg': 'E11000 duplicate key error collection: tcg_database.jap_skipped_images index: image_name_1 dup key: { image_name: "419020.jpg" }', 'keyPattern': {'image_name': 1}, 'keyValue': {'image_name': '419020.jpg'}}
2025-04-29 22:28:52,366 - csv_importer - ERROR - Error inserting skipped image ID: E11000 duplicate key error collection: tcg_database.jap_skipped_images index: image_name_1 dup key: { image_name: "419022.jpg" }, full error: {'index': 0, 'code': 11000, 'errmsg': 'E11000 duplicate key error collection: tcg_database.jap_skipped_images index: image_name_1 dup key: { image_name: "419022.jpg" }', 'keyPattern': {'image_name': 1}, 'keyValue': {'image_name': '419022.jpg'}}
2025-04-29 22:28:52,436 - csv_importer - ERROR - Error inserting skipped image ID: E11000 duplicate key error collection: tcg_database.jap_skipped_images index: image_name_1 dup key: { image_name: "419024.jpg" }, full error: {'index': 0, 'code': 11000, 'errmsg': 'E11000 duplicate key error collection: tcg_database.jap_skipped_images index: image_name_1 dup key: { image_name: "419024.jpg" }', 'keyPattern': {'image_name': 1}, 'keyValue': {'image_name': '419024.jpg'}}
2025-04-29 22:28:52,490 - csv_importer - ERROR - Error inserting skipped image ID: E11000 duplicate key error collection: tcg_database.jap_skipped_images index: image_name_1 dup key: { image_name: "419026.jpg" }, full error: {'index': 0, 'code': 11000, 'errmsg': 'E11000 duplicate key error collection: tcg_database.jap_skipped_images index: image_name_1 dup key: { image_name: "419026.jpg" }', 'keyPattern': {'image_name': 1}, 'keyValue': {'image_name': '419026.jpg'}}
2025-04-29 22:28:52,551 - csv_importer - ERROR - Error inserting skipped image ID: E11000 duplicate key error collection: tcg_database.jap_skipped_images index: image_name_1 dup key: { image_name: "419028.jpg" }, full error: {'index': 0, 'code': 11000, 'errmsg': 'E11000 duplicate key error collection: tcg_database.jap_skipped_images index: image_name_1 dup key: { image_name: "419028.jpg" }', 'keyPattern': {'image_name': 1}, 'keyValue': {'image_name': '419028.jpg'}}
2025-04-29 22:28:52,607 - csv_importer - ERROR - Error inserting skipped image ID: E11000 duplicate key error collection: tcg_database.jap_skipped_images index: image_name_1 dup key: { image_name: "419030.jpg" }, full error: {'index': 0, 'code': 11000, 'errmsg': 'E11000 duplicate key error collection: tcg_database.jap_skipped_images index: image_name_1 dup key: { image_name: "419030.jpg" }', 'keyPattern': {'image_name': 1}, 'keyValue': {'image_name': '419030.jpg'}}
2025-04-29 22:28:52,671 - csv_importer - ERROR - Error inserting skipped image ID: E11000 duplicate key error collection: tcg_database.jap_skipped_images index: image_name_1 dup key: { image_name: "419032.jpg" }, full error: {'index': 0, 'code': 11000, 'errmsg': 'E11000 duplicate key error collection: tcg_database.jap_skipped_images index: image_name_1 dup key: { image_name: "419032.jpg" }', 'keyPattern': {'image_name': 1}, 'keyValue': {'image_name': '419032.jpg'}}
2025-04-29 22:28:52,731 - csv_importer - ERROR - Error inserting skipped image ID: E11000 duplicate key error collection: tcg_database.jap_skipped_images index: image_name_1 dup key: { image_name: "419033.jpg" }, full error: {'index': 0, 'code': 11000, 'errmsg': 'E11000 duplicate key error collection: tcg_database.jap_skipped_images index: image_name_1 dup key: { image_name: "419033.jpg" }', 'keyPattern': {'image_name': 1}, 'keyValue': {'image_name': '419033.jpg'}}
2025-04-29 22:28:52,790 - csv_importer - ERROR - Error inserting skipped image ID: E11000 duplicate key error collection: tcg_database.jap_skipped_images index: image_name_1 dup key: { image_name: "419035.jpg" }, full error: {'index': 0, 'code': 11000, 'errmsg': 'E11000 duplicate key error collection: tcg_database.jap_skipped_images index: image_name_1 dup key: { image_name: "419035.jpg" }', 'keyPattern': {'image_name': 1}, 'keyValue': {'image_name': '419035.jpg'}}
2025-04-29 22:28:52,846 - csv_importer - ERROR - Error inserting skipped image ID: E11000 duplicate key error collection: tcg_database.jap_skipped_images index: image_name_1 dup key: { image_name: "419037.jpg" }, full error: {'index': 0, 'code': 11000, 'errmsg': 'E11000 duplicate key error collection: tcg_database.jap_skipped_images index: image_name_1 dup key: { image_name: "419037.jpg" }', 'keyPattern': {'image_name': 1}, 'keyValue': {'image_name': '419037.jpg'}}
2025-04-29 22:28:52,913 - csv_importer - ERROR - Error inserting skipped image ID: E11000 duplicate key error collection: tcg_database.jap_skipped_images index: image_name_1 dup key: { image_name: "419039.jpg" }, full error: {'index': 0, 'code': 11000, 'errmsg': 'E11000 duplicate key error collection: tcg_database.jap_skipped_images index: image_name_1 dup key: { image_name: "419039.jpg" }', 'keyPattern': {'image_name': 1}, 'keyValue': {'image_name': '419039.jpg'}}
2025-04-29 22:28:52,974 - csv_importer - ERROR - Error inserting skipped image ID: E11000 duplicate key error collection: tcg_database.jap_skipped_images index: image_name_1 dup key: { image_name: "419051.jpg" }, full error: {'index': 0, 'code': 11000, 'errmsg': 'E11000 duplicate key error collection: tcg_database.jap_skipped_images index: image_name_1 dup key: { image_name: "419051.jpg" }', 'keyPattern': {'image_name': 1}, 'keyValue': {'image_name': '419051.jpg'}}
2025-04-29 22:28:53,045 - csv_importer - ERROR - Error inserting skipped image ID: E11000 duplicate key error collection: tcg_database.jap_skipped_images index: image_name_1 dup key: { image_name: "425743.jpg" }, full error: {'index': 0, 'code': 11000, 'errmsg': 'E11000 duplicate key error collection: tcg_database.jap_skipped_images index: image_name_1 dup key: { image_name: "425743.jpg" }', 'keyPattern': {'image_name': 1}, 'keyValue': {'image_name': '425743.jpg'}}
2025-04-29 22:28:53,121 - csv_importer - ERROR - Error inserting skipped image ID: E11000 duplicate key error collection: tcg_database.jap_skipped_images index: image_name_1 dup key: { image_name: "425868.jpg" }, full error: {'index': 0, 'code': 11000, 'errmsg': 'E11000 duplicate key error collection: tcg_database.jap_skipped_images index: image_name_1 dup key: { image_name: "425868.jpg" }', 'keyPattern': {'image_name': 1}, 'keyValue': {'image_name': '425868.jpg'}}
2025-04-29 22:28:53,185 - csv_importer - ERROR - Error inserting skipped image ID: E11000 duplicate key error collection: tcg_database.jap_skipped_images index: image_name_1 dup key: { image_name: "428078.jpg" }, full error: {'index': 0, 'code': 11000, 'errmsg': 'E11000 duplicate key error collection: tcg_database.jap_skipped_images index: image_name_1 dup key: { image_name: "428078.jpg" }', 'keyPattern': {'image_name': 1}, 'keyValue': {'image_name': '428078.jpg'}}
2025-04-29 22:28:53,241 - csv_importer - ERROR - Error inserting skipped image ID: E11000 duplicate key error collection: tcg_database.jap_skipped_images index: image_name_1 dup key: { image_name: "429336.jpg" }, full error: {'index': 0, 'code': 11000, 'errmsg': 'E11000 duplicate key error collection: tcg_database.jap_skipped_images index: image_name_1 dup key: { image_name: "429336.jpg" }', 'keyPattern': {'image_name': 1}, 'keyValue': {'image_name': '429336.jpg'}}
2025-04-29 22:28:53,303 - csv_importer - ERROR - Error inserting skipped image ID: E11000 duplicate key error collection: tcg_database.jap_skipped_images index: image_name_1 dup key: { image_name: "432393.jpg" }, full error: {'index': 0, 'code': 11000, 'errmsg': 'E11000 duplicate key error collection: tcg_database.jap_skipped_images index: image_name_1 dup key: { image_name: "432393.jpg" }', 'keyPattern': {'image_name': 1}, 'keyValue': {'image_name': '432393.jpg'}}
2025-04-29 22:28:53,366 - csv_importer - ERROR - Error inserting skipped image ID: E11000 duplicate key error collection: tcg_database.jap_skipped_images index: image_name_1 dup key: { image_name: "432865.jpg" }, full error: {'index': 0, 'code': 11000, 'errmsg': 'E11000 duplicate key error collection: tcg_database.jap_skipped_images index: image_name_1 dup key: { image_name: "432865.jpg" }', 'keyPattern': {'image_name': 1}, 'keyValue': {'image_name': '432865.jpg'}}
2025-04-29 22:28:53,424 - csv_importer - ERROR - Error inserting skipped image ID: E11000 duplicate key error collection: tcg_database.jap_skipped_images index: image_name_1 dup key: { image_name: "433204.jpg" }, full error: {'index': 0, 'code': 11000, 'errmsg': 'E11000 duplicate key error collection: tcg_database.jap_skipped_images index: image_name_1 dup key: { image_name: "433204.jpg" }', 'keyPattern': {'image_name': 1}, 'keyValue': {'image_name': '433204.jpg'}}
2025-04-29 22:28:53,485 - csv_importer - ERROR - Error inserting skipped image ID: E11000 duplicate key error collection: tcg_database.jap_skipped_images index: image_name_1 dup key: { image_name: "447994.jpg" }, full error: {'index': 0, 'code': 11000, 'errmsg': 'E11000 duplicate key error collection: tcg_database.jap_skipped_images index: image_name_1 dup key: { image_name: "447994.jpg" }', 'keyPattern': {'image_name': 1}, 'keyValue': {'image_name': '447994.jpg'}}
2025-04-29 22:28:53,544 - csv_importer - ERROR - Error inserting skipped image ID: E11000 duplicate key error collection: tcg_database.jap_skipped_images index: image_name_1 dup key: { image_name: "449053.jpg" }, full error: {'index': 0, 'code': 11000, 'errmsg': 'E11000 duplicate key error collection: tcg_database.jap_skipped_images index: image_name_1 dup key: { image_name: "449053.jpg" }', 'keyPattern': {'image_name': 1}, 'keyValue': {'image_name': '449053.jpg'}}
2025-04-29 22:28:53,603 - csv_importer - ERROR - Error inserting skipped image ID: E11000 duplicate key error collection: tcg_database.jap_skipped_images index: image_name_1 dup key: { image_name: "455870.jpg" }, full error: {'index': 0, 'code': 11000, 'errmsg': 'E11000 duplicate key error collection: tcg_database.jap_skipped_images index: image_name_1 dup key: { image_name: "455870.jpg" }', 'keyPattern': {'image_name': 1}, 'keyValue': {'image_name': '455870.jpg'}}
2025-04-29 22:28:53,674 - csv_importer - ERROR - Error inserting skipped image ID: E11000 duplicate key error collection: tcg_database.jap_skipped_images index: image_name_1 dup key: { image_name: "459365.jpg" }, full error: {'index': 0, 'code': 11000, 'errmsg': 'E11000 duplicate key error collection: tcg_database.jap_skipped_images index: image_name_1 dup key: { image_name: "459365.jpg" }', 'keyPattern': {'image_name': 1}, 'keyValue': {'image_name': '459365.jpg'}}
2025-04-29 22:28:53,734 - csv_importer - ERROR - Error inserting skipped image ID: E11000 duplicate key error collection: tcg_database.jap_skipped_images index: image_name_1 dup key: { image_name: "460570.jpg" }, full error: {'index': 0, 'code': 11000, 'errmsg': 'E11000 duplicate key error collection: tcg_database.jap_skipped_images index: image_name_1 dup key: { image_name: "460570.jpg" }', 'keyPattern': {'image_name': 1}, 'keyValue': {'image_name': '460570.jpg'}}
2025-04-29 22:28:53,801 - csv_importer - ERROR - Error inserting skipped image ID: E11000 duplicate key error collection: tcg_database.jap_skipped_images index: image_name_1 dup key: { image_name: "462254.jpg" }, full error: {'index': 0, 'code': 11000, 'errmsg': 'E11000 duplicate key error collection: tcg_database.jap_skipped_images index: image_name_1 dup key: { image_name: "462254.jpg" }', 'keyPattern': {'image_name': 1}, 'keyValue': {'image_name': '462254.jpg'}}
2025-04-29 22:28:53,863 - csv_importer - ERROR - Error inserting skipped image ID: E11000 duplicate key error collection: tcg_database.jap_skipped_images index: image_name_1 dup key: { image_name: "462255.jpg" }, full error: {'index': 0, 'code': 11000, 'errmsg': 'E11000 duplicate key error collection: tcg_database.jap_skipped_images index: image_name_1 dup key: { image_name: "462255.jpg" }', 'keyPattern': {'image_name': 1}, 'keyValue': {'image_name': '462255.jpg'}}
2025-04-29 22:28:53,925 - csv_importer - ERROR - Error inserting skipped image ID: E11000 duplicate key error collection: tcg_database.jap_skipped_images index: image_name_1 dup key: { image_name: "466722.jpg" }, full error: {'index': 0, 'code': 11000, 'errmsg': 'E11000 duplicate key error collection: tcg_database.jap_skipped_images index: image_name_1 dup key: { image_name: "466722.jpg" }', 'keyPattern': {'image_name': 1}, 'keyValue': {'image_name': '466722.jpg'}}
2025-04-29 22:28:53,984 - csv_importer - ERROR - Error inserting skipped image ID: E11000 duplicate key error collection: tcg_database.jap_skipped_images index: image_name_1 dup key: { image_name: "466724.jpg" }, full error: {'index': 0, 'code': 11000, 'errmsg': 'E11000 duplicate key error collection: tcg_database.jap_skipped_images index: image_name_1 dup key: { image_name: "466724.jpg" }', 'keyPattern': {'image_name': 1}, 'keyValue': {'image_name': '466724.jpg'}}
2025-04-29 22:28:54,057 - csv_importer - ERROR - Error inserting skipped image ID: E11000 duplicate key error collection: tcg_database.jap_skipped_images index: image_name_1 dup key: { image_name: "466834.jpg" }, full error: {'index': 0, 'code': 11000, 'errmsg': 'E11000 duplicate key error collection: tcg_database.jap_skipped_images index: image_name_1 dup key: { image_name: "466834.jpg" }', 'keyPattern': {'image_name': 1}, 'keyValue': {'image_name': '466834.jpg'}}
2025-04-29 22:28:54,114 - csv_importer - ERROR - Error inserting skipped image ID: E11000 duplicate key error collection: tcg_database.jap_skipped_images index: image_name_1 dup key: { image_name: "466835.jpg" }, full error: {'index': 0, 'code': 11000, 'errmsg': 'E11000 duplicate key error collection: tcg_database.jap_skipped_images index: image_name_1 dup key: { image_name: "466835.jpg" }', 'keyPattern': {'image_name': 1}, 'keyValue': {'image_name': '466835.jpg'}}
2025-04-29 22:28:54,178 - csv_importer - ERROR - Error inserting skipped image ID: E11000 duplicate key error collection: tcg_database.jap_skipped_images index: image_name_1 dup key: { image_name: "467205.jpg" }, full error: {'index': 0, 'code': 11000, 'errmsg': 'E11000 duplicate key error collection: tcg_database.jap_skipped_images index: image_name_1 dup key: { image_name: "467205.jpg" }', 'keyPattern': {'image_name': 1}, 'keyValue': {'image_name': '467205.jpg'}}
2025-04-29 22:28:54,239 - csv_importer - ERROR - Error inserting skipped image ID: E11000 duplicate key error collection: tcg_database.jap_skipped_images index: image_name_1 dup key: { image_name: "467206.jpg" }, full error: {'index': 0, 'code': 11000, 'errmsg': 'E11000 duplicate key error collection: tcg_database.jap_skipped_images index: image_name_1 dup key: { image_name: "467206.jpg" }', 'keyPattern': {'image_name': 1}, 'keyValue': {'image_name': '467206.jpg'}}
2025-04-29 22:28:54,296 - csv_importer - ERROR - Error inserting skipped image ID: E11000 duplicate key error collection: tcg_database.jap_skipped_images index: image_name_1 dup key: { image_name: "467207.jpg" }, full error: {'index': 0, 'code': 11000, 'errmsg': 'E11000 duplicate key error collection: tcg_database.jap_skipped_images index: image_name_1 dup key: { image_name: "467207.jpg" }', 'keyPattern': {'image_name': 1}, 'keyValue': {'image_name': '467207.jpg'}}
2025-04-29 22:28:54,358 - csv_importer - ERROR - Error inserting skipped image ID: E11000 duplicate key error collection: tcg_database.jap_skipped_images index: image_name_1 dup key: { image_name: "467208.jpg" }, full error: {'index': 0, 'code': 11000, 'errmsg': 'E11000 duplicate key error collection: tcg_database.jap_skipped_images index: image_name_1 dup key: { image_name: "467208.jpg" }', 'keyPattern': {'image_name': 1}, 'keyValue': {'image_name': '467208.jpg'}}
2025-04-29 22:28:54,426 - csv_importer - ERROR - Error inserting skipped image ID: E11000 duplicate key error collection: tcg_database.jap_skipped_images index: image_name_1 dup key: { image_name: "467212.jpg" }, full error: {'index': 0, 'code': 11000, 'errmsg': 'E11000 duplicate key error collection: tcg_database.jap_skipped_images index: image_name_1 dup key: { image_name: "467212.jpg" }', 'keyPattern': {'image_name': 1}, 'keyValue': {'image_name': '467212.jpg'}}
2025-04-29 22:28:54,492 - csv_importer - ERROR - Error inserting skipped image ID: E11000 duplicate key error collection: tcg_database.jap_skipped_images index: image_name_1 dup key: { image_name: "467213.jpg" }, full error: {'index': 0, 'code': 11000, 'errmsg': 'E11000 duplicate key error collection: tcg_database.jap_skipped_images index: image_name_1 dup key: { image_name: "467213.jpg" }', 'keyPattern': {'image_name': 1}, 'keyValue': {'image_name': '467213.jpg'}}
2025-04-29 22:28:54,551 - csv_importer - ERROR - Error inserting skipped image ID: E11000 duplicate key error collection: tcg_database.jap_skipped_images index: image_name_1 dup key: { image_name: "467214.jpg" }, full error: {'index': 0, 'code': 11000, 'errmsg': 'E11000 duplicate key error collection: tcg_database.jap_skipped_images index: image_name_1 dup key: { image_name: "467214.jpg" }', 'keyPattern': {'image_name': 1}, 'keyValue': {'image_name': '467214.jpg'}}
2025-04-29 22:28:54,608 - csv_importer - ERROR - Error inserting skipped image ID: E11000 duplicate key error collection: tcg_database.jap_skipped_images index: image_name_1 dup key: { image_name: "467215.jpg" }, full error: {'index': 0, 'code': 11000, 'errmsg': 'E11000 duplicate key error collection: tcg_database.jap_skipped_images index: image_name_1 dup key: { image_name: "467215.jpg" }', 'keyPattern': {'image_name': 1}, 'keyValue': {'image_name': '467215.jpg'}}
2025-04-29 22:28:54,666 - csv_importer - ERROR - Error inserting skipped image ID: E11000 duplicate key error collection: tcg_database.jap_skipped_images index: image_name_1 dup key: { image_name: "467217.jpg" }, full error: {'index': 0, 'code': 11000, 'errmsg': 'E11000 duplicate key error collection: tcg_database.jap_skipped_images index: image_name_1 dup key: { image_name: "467217.jpg" }', 'keyPattern': {'image_name': 1}, 'keyValue': {'image_name': '467217.jpg'}}
2025-04-29 22:28:54,723 - csv_importer - ERROR - Error inserting skipped image ID: E11000 duplicate key error collection: tcg_database.jap_skipped_images index: image_name_1 dup key: { image_name: "468506.jpg" }, full error: {'index': 0, 'code': 11000, 'errmsg': 'E11000 duplicate key error collection: tcg_database.jap_skipped_images index: image_name_1 dup key: { image_name: "468506.jpg" }', 'keyPattern': {'image_name': 1}, 'keyValue': {'image_name': '468506.jpg'}}
2025-04-29 22:28:54,788 - csv_importer - ERROR - Error inserting skipped image ID: E11000 duplicate key error collection: tcg_database.jap_skipped_images index: image_name_1 dup key: { image_name: "469421.jpg" }, full error: {'index': 0, 'code': 11000, 'errmsg': 'E11000 duplicate key error collection: tcg_database.jap_skipped_images index: image_name_1 dup key: { image_name: "469421.jpg" }', 'keyPattern': {'image_name': 1}, 'keyValue': {'image_name': '469421.jpg'}}
2025-04-29 22:28:54,846 - csv_importer - ERROR - Error inserting skipped image ID: E11000 duplicate key error collection: tcg_database.jap_skipped_images index: image_name_1 dup key: { image_name: "469574.jpg" }, full error: {'index': 0, 'code': 11000, 'errmsg': 'E11000 duplicate key error collection: tcg_database.jap_skipped_images index: image_name_1 dup key: { image_name: "469574.jpg" }', 'keyPattern': {'image_name': 1}, 'keyValue': {'image_name': '469574.jpg'}}
2025-04-29 22:28:54,905 - csv_importer - ERROR - Error inserting skipped image ID: E11000 duplicate key error collection: tcg_database.jap_skipped_images index: image_name_1 dup key: { image_name: "469577.jpg" }, full error: {'index': 0, 'code': 11000, 'errmsg': 'E11000 duplicate key error collection: tcg_database.jap_skipped_images index: image_name_1 dup key: { image_name: "469577.jpg" }', 'keyPattern': {'image_name': 1}, 'keyValue': {'image_name': '469577.jpg'}}
2025-04-29 22:28:54,966 - csv_importer - ERROR - Error inserting skipped image ID: E11000 duplicate key error collection: tcg_database.jap_skipped_images index: image_name_1 dup key: { image_name: "470259.jpg" }, full error: {'index': 0, 'code': 11000, 'errmsg': 'E11000 duplicate key error collection: tcg_database.jap_skipped_images index: image_name_1 dup key: { image_name: "470259.jpg" }', 'keyPattern': {'image_name': 1}, 'keyValue': {'image_name': '470259.jpg'}}
2025-04-29 22:28:55,025 - csv_importer - ERROR - Error inserting skipped image ID: E11000 duplicate key error collection: tcg_database.jap_skipped_images index: image_name_1 dup key: { image_name: "477771.jpg" }, full error: {'index': 0, 'code': 11000, 'errmsg': 'E11000 duplicate key error collection: tcg_database.jap_skipped_images index: image_name_1 dup key: { image_name: "477771.jpg" }', 'keyPattern': {'image_name': 1}, 'keyValue': {'image_name': '477771.jpg'}}
2025-04-29 22:28:55,083 - csv_importer - ERROR - Error inserting skipped image ID: E11000 duplicate key error collection: tcg_database.jap_skipped_images index: image_name_1 dup key: { image_name: "477773.jpg" }, full error: {'index': 0, 'code': 11000, 'errmsg': 'E11000 duplicate key error collection: tcg_database.jap_skipped_images index: image_name_1 dup key: { image_name: "477773.jpg" }', 'keyPattern': {'image_name': 1}, 'keyValue': {'image_name': '477773.jpg'}}
2025-04-29 22:28:55,148 - csv_importer - ERROR - Error inserting skipped image ID: E11000 duplicate key error collection: tcg_database.jap_skipped_images index: image_name_1 dup key: { image_name: "477775.jpg" }, full error: {'index': 0, 'code': 11000, 'errmsg': 'E11000 duplicate key error collection: tcg_database.jap_skipped_images index: image_name_1 dup key: { image_name: "477775.jpg" }', 'keyPattern': {'image_name': 1}, 'keyValue': {'image_name': '477775.jpg'}}
2025-04-29 22:28:55,206 - csv_importer - ERROR - Error inserting skipped image ID: E11000 duplicate key error collection: tcg_database.jap_skipped_images index: image_name_1 dup key: { image_name: "477777.jpg" }, full error: {'index': 0, 'code': 11000, 'errmsg': 'E11000 duplicate key error collection: tcg_database.jap_skipped_images index: image_name_1 dup key: { image_name: "477777.jpg" }', 'keyPattern': {'image_name': 1}, 'keyValue': {'image_name': '477777.jpg'}}
2025-04-29 22:28:55,270 - csv_importer - ERROR - Error inserting skipped image ID: E11000 duplicate key error collection: tcg_database.jap_skipped_images index: image_name_1 dup key: { image_name: "477778.jpg" }, full error: {'index': 0, 'code': 11000, 'errmsg': 'E11000 duplicate key error collection: tcg_database.jap_skipped_images index: image_name_1 dup key: { image_name: "477778.jpg" }', 'keyPattern': {'image_name': 1}, 'keyValue': {'image_name': '477778.jpg'}}
2025-04-29 22:28:55,328 - csv_importer - ERROR - Error inserting skipped image ID: E11000 duplicate key error collection: tcg_database.jap_skipped_images index: image_name_1 dup key: { image_name: "477780.jpg" }, full error: {'index': 0, 'code': 11000, 'errmsg': 'E11000 duplicate key error collection: tcg_database.jap_skipped_images index: image_name_1 dup key: { image_name: "477780.jpg" }', 'keyPattern': {'image_name': 1}, 'keyValue': {'image_name': '477780.jpg'}}
2025-04-29 22:28:55,394 - csv_importer - ERROR - Error inserting skipped image ID: E11000 duplicate key error collection: tcg_database.jap_skipped_images index: image_name_1 dup key: { image_name: "477782.jpg" }, full error: {'index': 0, 'code': 11000, 'errmsg': 'E11000 duplicate key error collection: tcg_database.jap_skipped_images index: image_name_1 dup key: { image_name: "477782.jpg" }', 'keyPattern': {'image_name': 1}, 'keyValue': {'image_name': '477782.jpg'}}
2025-04-29 22:28:55,458 - csv_importer - ERROR - Error inserting skipped image ID: E11000 duplicate key error collection: tcg_database.jap_skipped_images index: image_name_1 dup key: { image_name: "477784.jpg" }, full error: {'index': 0, 'code': 11000, 'errmsg': 'E11000 duplicate key error collection: tcg_database.jap_skipped_images index: image_name_1 dup key: { image_name: "477784.jpg" }', 'keyPattern': {'image_name': 1}, 'keyValue': {'image_name': '477784.jpg'}}
2025-04-29 22:28:55,527 - csv_importer - ERROR - Error inserting skipped image ID: E11000 duplicate key error collection: tcg_database.jap_skipped_images index: image_name_1 dup key: { image_name: "477786.jpg" }, full error: {'index': 0, 'code': 11000, 'errmsg': 'E11000 duplicate key error collection: tcg_database.jap_skipped_images index: image_name_1 dup key: { image_name: "477786.jpg" }', 'keyPattern': {'image_name': 1}, 'keyValue': {'image_name': '477786.jpg'}}
2025-04-29 22:28:55,586 - csv_importer - ERROR - Error inserting skipped image ID: E11000 duplicate key error collection: tcg_database.jap_skipped_images index: image_name_1 dup key: { image_name: "477788.jpg" }, full error: {'index': 0, 'code': 11000, 'errmsg': 'E11000 duplicate key error collection: tcg_database.jap_skipped_images index: image_name_1 dup key: { image_name: "477788.jpg" }', 'keyPattern': {'image_name': 1}, 'keyValue': {'image_name': '477788.jpg'}}
2025-04-29 22:28:55,644 - csv_importer - ERROR - Error inserting skipped image ID: E11000 duplicate key error collection: tcg_database.jap_skipped_images index: image_name_1 dup key: { image_name: "477790.jpg" }, full error: {'index': 0, 'code': 11000, 'errmsg': 'E11000 duplicate key error collection: tcg_database.jap_skipped_images index: image_name_1 dup key: { image_name: "477790.jpg" }', 'keyPattern': {'image_name': 1}, 'keyValue': {'image_name': '477790.jpg'}}
2025-04-29 22:28:55,705 - csv_importer - ERROR - Error inserting skipped image ID: E11000 duplicate key error collection: tcg_database.jap_skipped_images index: image_name_1 dup key: { image_name: "477791.jpg" }, full error: {'index': 0, 'code': 11000, 'errmsg': 'E11000 duplicate key error collection: tcg_database.jap_skipped_images index: image_name_1 dup key: { image_name: "477791.jpg" }', 'keyPattern': {'image_name': 1}, 'keyValue': {'image_name': '477791.jpg'}}
2025-04-29 22:28:55,769 - csv_importer - ERROR - Error inserting skipped image ID: E11000 duplicate key error collection: tcg_database.jap_skipped_images index: image_name_1 dup key: { image_name: "477793.jpg" }, full error: {'index': 0, 'code': 11000, 'errmsg': 'E11000 duplicate key error collection: tcg_database.jap_skipped_images index: image_name_1 dup key: { image_name: "477793.jpg" }', 'keyPattern': {'image_name': 1}, 'keyValue': {'image_name': '477793.jpg'}}
2025-04-29 22:28:55,830 - csv_importer - ERROR - Error inserting skipped image ID: E11000 duplicate key error collection: tcg_database.jap_skipped_images index: image_name_1 dup key: { image_name: "477795.jpg" }, full error: {'index': 0, 'code': 11000, 'errmsg': 'E11000 duplicate key error collection: tcg_database.jap_skipped_images index: image_name_1 dup key: { image_name: "477795.jpg" }', 'keyPattern': {'image_name': 1}, 'keyValue': {'image_name': '477795.jpg'}}
2025-04-29 22:28:55,886 - csv_importer - ERROR - Error inserting skipped image ID: E11000 duplicate key error collection: tcg_database.jap_skipped_images index: image_name_1 dup key: { image_name: "477796.jpg" }, full error: {'index': 0, 'code': 11000, 'errmsg': 'E11000 duplicate key error collection: tcg_database.jap_skipped_images index: image_name_1 dup key: { image_name: "477796.jpg" }', 'keyPattern': {'image_name': 1}, 'keyValue': {'image_name': '477796.jpg'}}
2025-04-29 22:28:55,946 - csv_importer - ERROR - Error inserting skipped image ID: E11000 duplicate key error collection: tcg_database.jap_skipped_images index: image_name_1 dup key: { image_name: "477797.jpg" }, full error: {'index': 0, 'code': 11000, 'errmsg': 'E11000 duplicate key error collection: tcg_database.jap_skipped_images index: image_name_1 dup key: { image_name: "477797.jpg" }', 'keyPattern': {'image_name': 1}, 'keyValue': {'image_name': '477797.jpg'}}
2025-04-29 22:28:56,005 - csv_importer - ERROR - Error inserting skipped image ID: E11000 duplicate key error collection: tcg_database.jap_skipped_images index: image_name_1 dup key: { image_name: "477799.jpg" }, full error: {'index': 0, 'code': 11000, 'errmsg': 'E11000 duplicate key error collection: tcg_database.jap_skipped_images index: image_name_1 dup key: { image_name: "477799.jpg" }', 'keyPattern': {'image_name': 1}, 'keyValue': {'image_name': '477799.jpg'}}
2025-04-29 22:28:56,071 - csv_importer - ERROR - Error inserting skipped image ID: E11000 duplicate key error collection: tcg_database.jap_skipped_images index: image_name_1 dup key: { image_name: "477801.jpg" }, full error: {'index': 0, 'code': 11000, 'errmsg': 'E11000 duplicate key error collection: tcg_database.jap_skipped_images index: image_name_1 dup key: { image_name: "477801.jpg" }', 'keyPattern': {'image_name': 1}, 'keyValue': {'image_name': '477801.jpg'}}
2025-04-29 22:28:56,131 - csv_importer - ERROR - Error inserting skipped image ID: E11000 duplicate key error collection: tcg_database.jap_skipped_images index: image_name_1 dup key: { image_name: "481346.jpg" }, full error: {'index': 0, 'code': 11000, 'errmsg': 'E11000 duplicate key error collection: tcg_database.jap_skipped_images index: image_name_1 dup key: { image_name: "481346.jpg" }', 'keyPattern': {'image_name': 1}, 'keyValue': {'image_name': '481346.jpg'}}
2025-04-29 22:28:56,195 - csv_importer - ERROR - Error inserting skipped image ID: E11000 duplicate key error collection: tcg_database.jap_skipped_images index: image_name_1 dup key: { image_name: "481933.jpg" }, full error: {'index': 0, 'code': 11000, 'errmsg': 'E11000 duplicate key error collection: tcg_database.jap_skipped_images index: image_name_1 dup key: { image_name: "481933.jpg" }', 'keyPattern': {'image_name': 1}, 'keyValue': {'image_name': '481933.jpg'}}
2025-04-29 22:28:56,254 - csv_importer - ERROR - Error inserting skipped image ID: E11000 duplicate key error collection: tcg_database.jap_skipped_images index: image_name_1 dup key: { image_name: "482216.jpg" }, full error: {'index': 0, 'code': 11000, 'errmsg': 'E11000 duplicate key error collection: tcg_database.jap_skipped_images index: image_name_1 dup key: { image_name: "482216.jpg" }', 'keyPattern': {'image_name': 1}, 'keyValue': {'image_name': '482216.jpg'}}
2025-04-29 22:28:56,314 - csv_importer - ERROR - Error inserting skipped image ID: E11000 duplicate key error collection: tcg_database.jap_skipped_images index: image_name_1 dup key: { image_name: "482511.jpg" }, full error: {'index': 0, 'code': 11000, 'errmsg': 'E11000 duplicate key error collection: tcg_database.jap_skipped_images index: image_name_1 dup key: { image_name: "482511.jpg" }', 'keyPattern': {'image_name': 1}, 'keyValue': {'image_name': '482511.jpg'}}
2025-04-29 22:28:56,387 - csv_importer - ERROR - Error inserting skipped image ID: E11000 duplicate key error collection: tcg_database.jap_skipped_images index: image_name_1 dup key: { image_name: "494376.jpg" }, full error: {'index': 0, 'code': 11000, 'errmsg': 'E11000 duplicate key error collection: tcg_database.jap_skipped_images index: image_name_1 dup key: { image_name: "494376.jpg" }', 'keyPattern': {'image_name': 1}, 'keyValue': {'image_name': '494376.jpg'}}
2025-04-29 22:28:56,450 - csv_importer - ERROR - Error inserting skipped image ID: E11000 duplicate key error collection: tcg_database.jap_skipped_images index: image_name_1 dup key: { image_name: "499369.jpg" }, full error: {'index': 0, 'code': 11000, 'errmsg': 'E11000 duplicate key error collection: tcg_database.jap_skipped_images index: image_name_1 dup key: { image_name: "499369.jpg" }', 'keyPattern': {'image_name': 1}, 'keyValue': {'image_name': '499369.jpg'}}
2025-04-29 22:28:56,515 - csv_importer - ERROR - Error inserting skipped image ID: E11000 duplicate key error collection: tcg_database.jap_skipped_images index: image_name_1 dup key: { image_name: "499370.jpg" }, full error: {'index': 0, 'code': 11000, 'errmsg': 'E11000 duplicate key error collection: tcg_database.jap_skipped_images index: image_name_1 dup key: { image_name: "499370.jpg" }', 'keyPattern': {'image_name': 1}, 'keyValue': {'image_name': '499370.jpg'}}
2025-04-29 22:28:56,580 - csv_importer - ERROR - Error inserting skipped image ID: E11000 duplicate key error collection: tcg_database.jap_skipped_images index: image_name_1 dup key: { image_name: "500700.jpg" }, full error: {'index': 0, 'code': 11000, 'errmsg': 'E11000 duplicate key error collection: tcg_database.jap_skipped_images index: image_name_1 dup key: { image_name: "500700.jpg" }', 'keyPattern': {'image_name': 1}, 'keyValue': {'image_name': '500700.jpg'}}
2025-04-29 22:28:56,636 - csv_importer - ERROR - Error inserting skipped image ID: E11000 duplicate key error collection: tcg_database.jap_skipped_images index: image_name_1 dup key: { image_name: "505394.jpg" }, full error: {'index': 0, 'code': 11000, 'errmsg': 'E11000 duplicate key error collection: tcg_database.jap_skipped_images index: image_name_1 dup key: { image_name: "505394.jpg" }', 'keyPattern': {'image_name': 1}, 'keyValue': {'image_name': '505394.jpg'}}
2025-04-29 22:28:56,709 - csv_importer - ERROR - Error inserting skipped image ID: E11000 duplicate key error collection: tcg_database.jap_skipped_images index: image_name_1 dup key: { image_name: "511806.jpg" }, full error: {'index': 0, 'code': 11000, 'errmsg': 'E11000 duplicate key error collection: tcg_database.jap_skipped_images index: image_name_1 dup key: { image_name: "511806.jpg" }', 'keyPattern': {'image_name': 1}, 'keyValue': {'image_name': '511806.jpg'}}
2025-04-29 22:28:56,765 - csv_importer - ERROR - Error inserting skipped image ID: E11000 duplicate key error collection: tcg_database.jap_skipped_images index: image_name_1 dup key: { image_name: "512261.jpg" }, full error: {'index': 0, 'code': 11000, 'errmsg': 'E11000 duplicate key error collection: tcg_database.jap_skipped_images index: image_name_1 dup key: { image_name: "512261.jpg" }', 'keyPattern': {'image_name': 1}, 'keyValue': {'image_name': '512261.jpg'}}
2025-04-29 22:28:56,824 - csv_importer - ERROR - Error inserting skipped image ID: E11000 duplicate key error collection: tcg_database.jap_skipped_images index: image_name_1 dup key: { image_name: "514371.jpg" }, full error: {'index': 0, 'code': 11000, 'errmsg': 'E11000 duplicate key error collection: tcg_database.jap_skipped_images index: image_name_1 dup key: { image_name: "514371.jpg" }', 'keyPattern': {'image_name': 1}, 'keyValue': {'image_name': '514371.jpg'}}
2025-04-29 22:28:56,884 - csv_importer - ERROR - Error inserting skipped image ID: E11000 duplicate key error collection: tcg_database.jap_skipped_images index: image_name_1 dup key: { image_name: "515485.jpg" }, full error: {'index': 0, 'code': 11000, 'errmsg': 'E11000 duplicate key error collection: tcg_database.jap_skipped_images index: image_name_1 dup key: { image_name: "515485.jpg" }', 'keyPattern': {'image_name': 1}, 'keyValue': {'image_name': '515485.jpg'}}
2025-04-29 22:28:56,945 - csv_importer - ERROR - Error inserting skipped image ID: E11000 duplicate key error collection: tcg_database.jap_skipped_images index: image_name_1 dup key: { image_name: "518002.jpg" }, full error: {'index': 0, 'code': 11000, 'errmsg': 'E11000 duplicate key error collection: tcg_database.jap_skipped_images index: image_name_1 dup key: { image_name: "518002.jpg" }', 'keyPattern': {'image_name': 1}, 'keyValue': {'image_name': '518002.jpg'}}
2025-04-29 22:28:57,013 - csv_importer - ERROR - Error inserting skipped image ID: E11000 duplicate key error collection: tcg_database.jap_skipped_images index: image_name_1 dup key: { image_name: "518003.jpg" }, full error: {'index': 0, 'code': 11000, 'errmsg': 'E11000 duplicate key error collection: tcg_database.jap_skipped_images index: image_name_1 dup key: { image_name: "518003.jpg" }', 'keyPattern': {'image_name': 1}, 'keyValue': {'image_name': '518003.jpg'}}
2025-04-29 22:28:57,077 - csv_importer - ERROR - Error inserting skipped image ID: E11000 duplicate key error collection: tcg_database.jap_skipped_images index: image_name_1 dup key: { image_name: "518128.jpg" }, full error: {'index': 0, 'code': 11000, 'errmsg': 'E11000 duplicate key error collection: tcg_database.jap_skipped_images index: image_name_1 dup key: { image_name: "518128.jpg" }', 'keyPattern': {'image_name': 1}, 'keyValue': {'image_name': '518128.jpg'}}
2025-04-29 22:28:57,135 - csv_importer - ERROR - Error inserting skipped image ID: E11000 duplicate key error collection: tcg_database.jap_skipped_images index: image_name_1 dup key: { image_name: "518129.jpg" }, full error: {'index': 0, 'code': 11000, 'errmsg': 'E11000 duplicate key error collection: tcg_database.jap_skipped_images index: image_name_1 dup key: { image_name: "518129.jpg" }', 'keyPattern': {'image_name': 1}, 'keyValue': {'image_name': '518129.jpg'}}
2025-04-29 22:28:57,205 - csv_importer - ERROR - Error inserting skipped image ID: E11000 duplicate key error collection: tcg_database.jap_skipped_images index: image_name_1 dup key: { image_name: "524846.jpg" }, full error: {'index': 0, 'code': 11000, 'errmsg': 'E11000 duplicate key error collection: tcg_database.jap_skipped_images index: image_name_1 dup key: { image_name: "524846.jpg" }', 'keyPattern': {'image_name': 1}, 'keyValue': {'image_name': '524846.jpg'}}
2025-04-29 22:28:57,265 - csv_importer - ERROR - Error inserting skipped image ID: E11000 duplicate key error collection: tcg_database.jap_skipped_images index: image_name_1 dup key: { image_name: "526414.jpg" }, full error: {'index': 0, 'code': 11000, 'errmsg': 'E11000 duplicate key error collection: tcg_database.jap_skipped_images index: image_name_1 dup key: { image_name: "526414.jpg" }', 'keyPattern': {'image_name': 1}, 'keyValue': {'image_name': '526414.jpg'}}
2025-04-29 22:28:57,329 - csv_importer - ERROR - Error inserting skipped image ID: E11000 duplicate key error collection: tcg_database.jap_skipped_images index: image_name_1 dup key: { image_name: "526416.jpg" }, full error: {'index': 0, 'code': 11000, 'errmsg': 'E11000 duplicate key error collection: tcg_database.jap_skipped_images index: image_name_1 dup key: { image_name: "526416.jpg" }', 'keyPattern': {'image_name': 1}, 'keyValue': {'image_name': '526416.jpg'}}
2025-04-29 22:28:57,387 - csv_importer - ERROR - Error inserting skipped image ID: E11000 duplicate key error collection: tcg_database.jap_skipped_images index: image_name_1 dup key: { image_name: "526418.jpg" }, full error: {'index': 0, 'code': 11000, 'errmsg': 'E11000 duplicate key error collection: tcg_database.jap_skipped_images index: image_name_1 dup key: { image_name: "526418.jpg" }', 'keyPattern': {'image_name': 1}, 'keyValue': {'image_name': '526418.jpg'}}
2025-04-29 22:28:57,455 - csv_importer - ERROR - Error inserting skipped image ID: E11000 duplicate key error collection: tcg_database.jap_skipped_images index: image_name_1 dup key: { image_name: "526420.jpg" }, full error: {'index': 0, 'code': 11000, 'errmsg': 'E11000 duplicate key error collection: tcg_database.jap_skipped_images index: image_name_1 dup key: { image_name: "526420.jpg" }', 'keyPattern': {'image_name': 1}, 'keyValue': {'image_name': '526420.jpg'}}
2025-04-29 22:28:57,512 - csv_importer - ERROR - Error inserting skipped image ID: E11000 duplicate key error collection: tcg_database.jap_skipped_images index: image_name_1 dup key: { image_name: "526422.jpg" }, full error: {'index': 0, 'code': 11000, 'errmsg': 'E11000 duplicate key error collection: tcg_database.jap_skipped_images index: image_name_1 dup key: { image_name: "526422.jpg" }', 'keyPattern': {'image_name': 1}, 'keyValue': {'image_name': '526422.jpg'}}
2025-04-29 22:28:57,577 - csv_importer - ERROR - Error inserting skipped image ID: E11000 duplicate key error collection: tcg_database.jap_skipped_images index: image_name_1 dup key: { image_name: "526424.jpg" }, full error: {'index': 0, 'code': 11000, 'errmsg': 'E11000 duplicate key error collection: tcg_database.jap_skipped_images index: image_name_1 dup key: { image_name: "526424.jpg" }', 'keyPattern': {'image_name': 1}, 'keyValue': {'image_name': '526424.jpg'}}
2025-04-29 22:28:57,637 - csv_importer - ERROR - Error inserting skipped image ID: E11000 duplicate key error collection: tcg_database.jap_skipped_images index: image_name_1 dup key: { image_name: "526426.jpg" }, full error: {'index': 0, 'code': 11000, 'errmsg': 'E11000 duplicate key error collection: tcg_database.jap_skipped_images index: image_name_1 dup key: { image_name: "526426.jpg" }', 'keyPattern': {'image_name': 1}, 'keyValue': {'image_name': '526426.jpg'}}
2025-04-29 22:28:57,697 - csv_importer - ERROR - Error inserting skipped image ID: E11000 duplicate key error collection: tcg_database.jap_skipped_images index: image_name_1 dup key: { image_name: "526428.jpg" }, full error: {'index': 0, 'code': 11000, 'errmsg': 'E11000 duplicate key error collection: tcg_database.jap_skipped_images index: image_name_1 dup key: { image_name: "526428.jpg" }', 'keyPattern': {'image_name': 1}, 'keyValue': {'image_name': '526428.jpg'}}
2025-04-29 22:28:57,776 - csv_importer - ERROR - Error inserting skipped image ID: E11000 duplicate key error collection: tcg_database.jap_skipped_images index: image_name_1 dup key: { image_name: "527363.jpg" }, full error: {'index': 0, 'code': 11000, 'errmsg': 'E11000 duplicate key error collection: tcg_database.jap_skipped_images index: image_name_1 dup key: { image_name: "527363.jpg" }', 'keyPattern': {'image_name': 1}, 'keyValue': {'image_name': '527363.jpg'}}
2025-04-29 22:28:57,835 - csv_importer - ERROR - Error inserting skipped image ID: E11000 duplicate key error collection: tcg_database.jap_skipped_images index: image_name_1 dup key: { image_name: "527647.jpg" }, full error: {'index': 0, 'code': 11000, 'errmsg': 'E11000 duplicate key error collection: tcg_database.jap_skipped_images index: image_name_1 dup key: { image_name: "527647.jpg" }', 'keyPattern': {'image_name': 1}, 'keyValue': {'image_name': '527647.jpg'}}
2025-04-29 22:28:57,893 - csv_importer - ERROR - Error inserting skipped image ID: E11000 duplicate key error collection: tcg_database.jap_skipped_images index: image_name_1 dup key: { image_name: "527649.jpg" }, full error: {'index': 0, 'code': 11000, 'errmsg': 'E11000 duplicate key error collection: tcg_database.jap_skipped_images index: image_name_1 dup key: { image_name: "527649.jpg" }', 'keyPattern': {'image_name': 1}, 'keyValue': {'image_name': '527649.jpg'}}
2025-04-29 22:28:57,956 - csv_importer - ERROR - Error inserting skipped image ID: E11000 duplicate key error collection: tcg_database.jap_skipped_images index: image_name_1 dup key: { image_name: "527651.jpg" }, full error: {'index': 0, 'code': 11000, 'errmsg': 'E11000 duplicate key error collection: tcg_database.jap_skipped_images index: image_name_1 dup key: { image_name: "527651.jpg" }', 'keyPattern': {'image_name': 1}, 'keyValue': {'image_name': '527651.jpg'}}
2025-04-29 22:28:58,025 - csv_importer - ERROR - Error inserting skipped image ID: E11000 duplicate key error collection: tcg_database.jap_skipped_images index: image_name_1 dup key: { image_name: "527653.jpg" }, full error: {'index': 0, 'code': 11000, 'errmsg': 'E11000 duplicate key error collection: tcg_database.jap_skipped_images index: image_name_1 dup key: { image_name: "527653.jpg" }', 'keyPattern': {'image_name': 1}, 'keyValue': {'image_name': '527653.jpg'}}
2025-04-29 22:28:58,087 - csv_importer - ERROR - Error inserting skipped image ID: E11000 duplicate key error collection: tcg_database.jap_skipped_images index: image_name_1 dup key: { image_name: "527655.jpg" }, full error: {'index': 0, 'code': 11000, 'errmsg': 'E11000 duplicate key error collection: tcg_database.jap_skipped_images index: image_name_1 dup key: { image_name: "527655.jpg" }', 'keyPattern': {'image_name': 1}, 'keyValue': {'image_name': '527655.jpg'}}
2025-04-29 22:28:58,146 - csv_importer - ERROR - Error inserting skipped image ID: E11000 duplicate key error collection: tcg_database.jap_skipped_images index: image_name_1 dup key: { image_name: "535967.jpg" }, full error: {'index': 0, 'code': 11000, 'errmsg': 'E11000 duplicate key error collection: tcg_database.jap_skipped_images index: image_name_1 dup key: { image_name: "535967.jpg" }', 'keyPattern': {'image_name': 1}, 'keyValue': {'image_name': '535967.jpg'}}
2025-04-29 22:28:58,212 - csv_importer - ERROR - Error inserting skipped image ID: E11000 duplicate key error collection: tcg_database.jap_skipped_images index: image_name_1 dup key: { image_name: "542139.jpg" }, full error: {'index': 0, 'code': 11000, 'errmsg': 'E11000 duplicate key error collection: tcg_database.jap_skipped_images index: image_name_1 dup key: { image_name: "542139.jpg" }', 'keyPattern': {'image_name': 1}, 'keyValue': {'image_name': '542139.jpg'}}
2025-04-29 22:28:58,271 - csv_importer - ERROR - Error inserting skipped image ID: E11000 duplicate key error collection: tcg_database.jap_skipped_images index: image_name_1 dup key: { image_name: "545545.jpg" }, full error: {'index': 0, 'code': 11000, 'errmsg': 'E11000 duplicate key error collection: tcg_database.jap_skipped_images index: image_name_1 dup key: { image_name: "545545.jpg" }', 'keyPattern': {'image_name': 1}, 'keyValue': {'image_name': '545545.jpg'}}
2025-04-29 22:28:58,334 - csv_importer - ERROR - Error inserting skipped image ID: E11000 duplicate key error collection: tcg_database.jap_skipped_images index: image_name_1 dup key: { image_name: "545546.jpg" }, full error: {'index': 0, 'code': 11000, 'errmsg': 'E11000 duplicate key error collection: tcg_database.jap_skipped_images index: image_name_1 dup key: { image_name: "545546.jpg" }', 'keyPattern': {'image_name': 1}, 'keyValue': {'image_name': '545546.jpg'}}
2025-04-29 22:28:58,392 - csv_importer - ERROR - Error inserting skipped image ID: E11000 duplicate key error collection: tcg_database.jap_skipped_images index: image_name_1 dup key: { image_name: "546445.jpg" }, full error: {'index': 0, 'code': 11000, 'errmsg': 'E11000 duplicate key error collection: tcg_database.jap_skipped_images index: image_name_1 dup key: { image_name: "546445.jpg" }', 'keyPattern': {'image_name': 1}, 'keyValue': {'image_name': '546445.jpg'}}
2025-04-29 22:28:58,453 - csv_importer - ERROR - Error inserting skipped image ID: E11000 duplicate key error collection: tcg_database.jap_skipped_images index: image_name_1 dup key: { image_name: "546545.jpg" }, full error: {'index': 0, 'code': 11000, 'errmsg': 'E11000 duplicate key error collection: tcg_database.jap_skipped_images index: image_name_1 dup key: { image_name: "546545.jpg" }', 'keyPattern': {'image_name': 1}, 'keyValue': {'image_name': '546545.jpg'}}
2025-04-29 22:28:58,510 - csv_importer - ERROR - Error inserting skipped image ID: E11000 duplicate key error collection: tcg_database.jap_skipped_images index: image_name_1 dup key: { image_name: "546547.jpg" }, full error: {'index': 0, 'code': 11000, 'errmsg': 'E11000 duplicate key error collection: tcg_database.jap_skipped_images index: image_name_1 dup key: { image_name: "546547.jpg" }', 'keyPattern': {'image_name': 1}, 'keyValue': {'image_name': '546547.jpg'}}
2025-04-29 22:28:58,568 - csv_importer - ERROR - Error inserting skipped image ID: E11000 duplicate key error collection: tcg_database.jap_skipped_images index: image_name_1 dup key: { image_name: "550403.jpg" }, full error: {'index': 0, 'code': 11000, 'errmsg': 'E11000 duplicate key error collection: tcg_database.jap_skipped_images index: image_name_1 dup key: { image_name: "550403.jpg" }', 'keyPattern': {'image_name': 1}, 'keyValue': {'image_name': '550403.jpg'}}
2025-04-29 22:28:58,629 - csv_importer - ERROR - Error inserting skipped image ID: E11000 duplicate key error collection: tcg_database.jap_skipped_images index: image_name_1 dup key: { image_name: "550404.jpg" }, full error: {'index': 0, 'code': 11000, 'errmsg': 'E11000 duplicate key error collection: tcg_database.jap_skipped_images index: image_name_1 dup key: { image_name: "550404.jpg" }', 'keyPattern': {'image_name': 1}, 'keyValue': {'image_name': '550404.jpg'}}
2025-04-29 22:28:58,689 - csv_importer - ERROR - Error inserting skipped image ID: E11000 duplicate key error collection: tcg_database.jap_skipped_images index: image_name_1 dup key: { image_name: "551310.jpg" }, full error: {'index': 0, 'code': 11000, 'errmsg': 'E11000 duplicate key error collection: tcg_database.jap_skipped_images index: image_name_1 dup key: { image_name: "551310.jpg" }', 'keyPattern': {'image_name': 1}, 'keyValue': {'image_name': '551310.jpg'}}
2025-04-29 22:28:58,753 - csv_importer - ERROR - Error inserting skipped image ID: E11000 duplicate key error collection: tcg_database.jap_skipped_images index: image_name_1 dup key: { image_name: "553678.jpg" }, full error: {'index': 0, 'code': 11000, 'errmsg': 'E11000 duplicate key error collection: tcg_database.jap_skipped_images index: image_name_1 dup key: { image_name: "553678.jpg" }', 'keyPattern': {'image_name': 1}, 'keyValue': {'image_name': '553678.jpg'}}
2025-04-29 22:28:58,818 - csv_importer - ERROR - Error inserting skipped image ID: E11000 duplicate key error collection: tcg_database.jap_skipped_images index: image_name_1 dup key: { image_name: "571967.jpg" }, full error: {'index': 0, 'code': 11000, 'errmsg': 'E11000 duplicate key error collection: tcg_database.jap_skipped_images index: image_name_1 dup key: { image_name: "571967.jpg" }', 'keyPattern': {'image_name': 1}, 'keyValue': {'image_name': '571967.jpg'}}
2025-04-29 22:28:58,888 - csv_importer - ERROR - Error inserting skipped image ID: E11000 duplicate key error collection: tcg_database.jap_skipped_images index: image_name_1 dup key: { image_name: "572206.jpg" }, full error: {'index': 0, 'code': 11000, 'errmsg': 'E11000 duplicate key error collection: tcg_database.jap_skipped_images index: image_name_1 dup key: { image_name: "572206.jpg" }', 'keyPattern': {'image_name': 1}, 'keyValue': {'image_name': '572206.jpg'}}
2025-04-29 22:28:58,947 - csv_importer - ERROR - Error inserting skipped image ID: E11000 duplicate key error collection: tcg_database.jap_skipped_images index: image_name_1 dup key: { image_name: "572235.jpg" }, full error: {'index': 0, 'code': 11000, 'errmsg': 'E11000 duplicate key error collection: tcg_database.jap_skipped_images index: image_name_1 dup key: { image_name: "572235.jpg" }', 'keyPattern': {'image_name': 1}, 'keyValue': {'image_name': '572235.jpg'}}
2025-04-29 22:28:59,010 - csv_importer - ERROR - Error inserting skipped image ID: E11000 duplicate key error collection: tcg_database.jap_skipped_images index: image_name_1 dup key: { image_name: "579701.jpg" }, full error: {'index': 0, 'code': 11000, 'errmsg': 'E11000 duplicate key error collection: tcg_database.jap_skipped_images index: image_name_1 dup key: { image_name: "579701.jpg" }', 'keyPattern': {'image_name': 1}, 'keyValue': {'image_name': '579701.jpg'}}
2025-04-29 22:28:59,079 - csv_importer - ERROR - Error inserting skipped image ID: E11000 duplicate key error collection: tcg_database.jap_skipped_images index: image_name_1 dup key: { image_name: "579704.jpg" }, full error: {'index': 0, 'code': 11000, 'errmsg': 'E11000 duplicate key error collection: tcg_database.jap_skipped_images index: image_name_1 dup key: { image_name: "579704.jpg" }', 'keyPattern': {'image_name': 1}, 'keyValue': {'image_name': '579704.jpg'}}
2025-04-29 22:28:59,138 - csv_importer - ERROR - Error inserting skipped image ID: E11000 duplicate key error collection: tcg_database.jap_skipped_images index: image_name_1 dup key: { image_name: "588268.jpg" }, full error: {'index': 0, 'code': 11000, 'errmsg': 'E11000 duplicate key error collection: tcg_database.jap_skipped_images index: image_name_1 dup key: { image_name: "588268.jpg" }', 'keyPattern': {'image_name': 1}, 'keyValue': {'image_name': '588268.jpg'}}
2025-04-29 22:28:59,197 - csv_importer - ERROR - Error inserting skipped image ID: E11000 duplicate key error collection: tcg_database.jap_skipped_images index: image_name_1 dup key: { image_name: "588271.jpg" }, full error: {'index': 0, 'code': 11000, 'errmsg': 'E11000 duplicate key error collection: tcg_database.jap_skipped_images index: image_name_1 dup key: { image_name: "588271.jpg" }', 'keyPattern': {'image_name': 1}, 'keyValue': {'image_name': '588271.jpg'}}
2025-04-29 22:28:59,258 - csv_importer - ERROR - Error inserting skipped image ID: E11000 duplicate key error collection: tcg_database.jap_skipped_images index: image_name_1 dup key: { image_name: "588273.jpg" }, full error: {'index': 0, 'code': 11000, 'errmsg': 'E11000 duplicate key error collection: tcg_database.jap_skipped_images index: image_name_1 dup key: { image_name: "588273.jpg" }', 'keyPattern': {'image_name': 1}, 'keyValue': {'image_name': '588273.jpg'}}
2025-04-29 22:28:59,322 - csv_importer - ERROR - Error inserting skipped image ID: E11000 duplicate key error collection: tcg_database.jap_skipped_images index: image_name_1 dup key: { image_name: "588293.jpg" }, full error: {'index': 0, 'code': 11000, 'errmsg': 'E11000 duplicate key error collection: tcg_database.jap_skipped_images index: image_name_1 dup key: { image_name: "588293.jpg" }', 'keyPattern': {'image_name': 1}, 'keyValue': {'image_name': '588293.jpg'}}
2025-04-29 22:28:59,385 - csv_importer - ERROR - Error inserting skipped image ID: E11000 duplicate key error collection: tcg_database.jap_skipped_images index: image_name_1 dup key: { image_name: "589480.jpg" }, full error: {'index': 0, 'code': 11000, 'errmsg': 'E11000 duplicate key error collection: tcg_database.jap_skipped_images index: image_name_1 dup key: { image_name: "589480.jpg" }', 'keyPattern': {'image_name': 1}, 'keyValue': {'image_name': '589480.jpg'}}
2025-04-29 22:28:59,458 - csv_importer - ERROR - Error inserting skipped image ID: E11000 duplicate key error collection: tcg_database.jap_skipped_images index: image_name_1 dup key: { image_name: "591643.jpg" }, full error: {'index': 0, 'code': 11000, 'errmsg': 'E11000 duplicate key error collection: tcg_database.jap_skipped_images index: image_name_1 dup key: { image_name: "591643.jpg" }', 'keyPattern': {'image_name': 1}, 'keyValue': {'image_name': '591643.jpg'}}
2025-04-29 22:28:59,541 - csv_importer - ERROR - Error inserting skipped image ID: E11000 duplicate key error collection: tcg_database.jap_skipped_images index: image_name_1 dup key: { image_name: "591647.jpg" }, full error: {'index': 0, 'code': 11000, 'errmsg': 'E11000 duplicate key error collection: tcg_database.jap_skipped_images index: image_name_1 dup key: { image_name: "591647.jpg" }', 'keyPattern': {'image_name': 1}, 'keyValue': {'image_name': '591647.jpg'}}
2025-04-29 22:28:59,602 - csv_importer - ERROR - Error inserting skipped image ID: E11000 duplicate key error collection: tcg_database.jap_skipped_images index: image_name_1 dup key: { image_name: "597853.jpg" }, full error: {'index': 0, 'code': 11000, 'errmsg': 'E11000 duplicate key error collection: tcg_database.jap_skipped_images index: image_name_1 dup key: { image_name: "597853.jpg" }', 'keyPattern': {'image_name': 1}, 'keyValue': {'image_name': '597853.jpg'}}
2025-04-29 22:28:59,661 - csv_importer - ERROR - Error inserting skipped image ID: E11000 duplicate key error collection: tcg_database.jap_skipped_images index: image_name_1 dup key: { image_name: "599092.jpg" }, full error: {'index': 0, 'code': 11000, 'errmsg': 'E11000 duplicate key error collection: tcg_database.jap_skipped_images index: image_name_1 dup key: { image_name: "599092.jpg" }', 'keyPattern': {'image_name': 1}, 'keyValue': {'image_name': '599092.jpg'}}
2025-04-29 22:28:59,720 - csv_importer - ERROR - Error inserting skipped image ID: E11000 duplicate key error collection: tcg_database.jap_skipped_images index: image_name_1 dup key: { image_name: "607464.jpg" }, full error: {'index': 0, 'code': 11000, 'errmsg': 'E11000 duplicate key error collection: tcg_database.jap_skipped_images index: image_name_1 dup key: { image_name: "607464.jpg" }', 'keyPattern': {'image_name': 1}, 'keyValue': {'image_name': '607464.jpg'}}
2025-04-29 22:28:59,785 - csv_importer - ERROR - Error inserting skipped image ID: E11000 duplicate key error collection: tcg_database.jap_skipped_images index: image_name_1 dup key: { image_name: "614990.jpg" }, full error: {'index': 0, 'code': 11000, 'errmsg': 'E11000 duplicate key error collection: tcg_database.jap_skipped_images index: image_name_1 dup key: { image_name: "614990.jpg" }', 'keyPattern': {'image_name': 1}, 'keyValue': {'image_name': '614990.jpg'}}
2025-04-29 22:28:59,845 - csv_importer - ERROR - Error inserting skipped image ID: E11000 duplicate key error collection: tcg_database.jap_skipped_images index: image_name_1 dup key: { image_name: "631638.jpg" }, full error: {'index': 0, 'code': 11000, 'errmsg': 'E11000 duplicate key error collection: tcg_database.jap_skipped_images index: image_name_1 dup key: { image_name: "631638.jpg" }', 'keyPattern': {'image_name': 1}, 'keyValue': {'image_name': '631638.jpg'}}
2025-04-29 22:28:59,912 - csv_importer - ERROR - Error inserting skipped image ID: E11000 duplicate key error collection: tcg_database.jap_skipped_images index: image_name_1 dup key: { image_name: "631639.jpg" }, full error: {'index': 0, 'code': 11000, 'errmsg': 'E11000 duplicate key error collection: tcg_database.jap_skipped_images index: image_name_1 dup key: { image_name: "631639.jpg" }', 'keyPattern': {'image_name': 1}, 'keyValue': {'image_name': '631639.jpg'}}
2025-04-29 22:28:59,971 - csv_importer - ERROR - Error inserting skipped image ID: E11000 duplicate key error collection: tcg_database.jap_skipped_images index: image_name_1 dup key: { image_name: "632487.jpg" }, full error: {'index': 0, 'code': 11000, 'errmsg': 'E11000 duplicate key error collection: tcg_database.jap_skipped_images index: image_name_1 dup key: { image_name: "632487.jpg" }', 'keyPattern': {'image_name': 1}, 'keyValue': {'image_name': '632487.jpg'}}
2025-04-29 22:29:00,029 - csv_importer - ERROR - Error inserting skipped image ID: E11000 duplicate key error collection: tcg_database.jap_skipped_images index: image_name_1 dup key: { image_name: "107592.jpg" }, full error: {'index': 0, 'code': 11000, 'errmsg': 'E11000 duplicate key error collection: tcg_database.jap_skipped_images index: image_name_1 dup key: { image_name: "107592.jpg" }', 'keyPattern': {'image_name': 1}, 'keyValue': {'image_name': '107592.jpg'}}
2025-04-29 22:29:00,086 - csv_importer - ERROR - Error inserting skipped image ID: E11000 duplicate key error collection: tcg_database.jap_skipped_images index: image_name_1 dup key: { image_name: "107417.jpg" }, full error: {'index': 0, 'code': 11000, 'errmsg': 'E11000 duplicate key error collection: tcg_database.jap_skipped_images index: image_name_1 dup key: { image_name: "107417.jpg" }', 'keyPattern': {'image_name': 1}, 'keyValue': {'image_name': '107417.jpg'}}
2025-04-29 22:29:00,159 - csv_importer - ERROR - Error inserting skipped image ID: E11000 duplicate key error collection: tcg_database.jap_skipped_images index: image_name_1 dup key: { image_name: "107418.jpg" }, full error: {'index': 0, 'code': 11000, 'errmsg': 'E11000 duplicate key error collection: tcg_database.jap_skipped_images index: image_name_1 dup key: { image_name: "107418.jpg" }', 'keyPattern': {'image_name': 1}, 'keyValue': {'image_name': '107418.jpg'}}
2025-04-29 22:29:00,232 - csv_importer - ERROR - Error inserting skipped image ID: E11000 duplicate key error collection: tcg_database.jap_skipped_images index: image_name_1 dup key: { image_name: "107419.jpg" }, full error: {'index': 0, 'code': 11000, 'errmsg': 'E11000 duplicate key error collection: tcg_database.jap_skipped_images index: image_name_1 dup key: { image_name: "107419.jpg" }', 'keyPattern': {'image_name': 1}, 'keyValue': {'image_name': '107419.jpg'}}
2025-04-29 22:29:00,290 - csv_importer - ERROR - Error inserting skipped image ID: E11000 duplicate key error collection: tcg_database.jap_skipped_images index: image_name_1 dup key: { image_name: "107577.jpg" }, full error: {'index': 0, 'code': 11000, 'errmsg': 'E11000 duplicate key error collection: tcg_database.jap_skipped_images index: image_name_1 dup key: { image_name: "107577.jpg" }', 'keyPattern': {'image_name': 1}, 'keyValue': {'image_name': '107577.jpg'}}
2025-04-29 22:29:00,349 - csv_importer - ERROR - Error inserting skipped image ID: E11000 duplicate key error collection: tcg_database.jap_skipped_images index: image_name_1 dup key: { image_name: "107578.jpg" }, full error: {'index': 0, 'code': 11000, 'errmsg': 'E11000 duplicate key error collection: tcg_database.jap_skipped_images index: image_name_1 dup key: { image_name: "107578.jpg" }', 'keyPattern': {'image_name': 1}, 'keyValue': {'image_name': '107578.jpg'}}
2025-04-29 22:29:00,410 - csv_importer - ERROR - Error inserting skipped image ID: E11000 duplicate key error collection: tcg_database.jap_skipped_images index: image_name_1 dup key: { image_name: "107581.jpg" }, full error: {'index': 0, 'code': 11000, 'errmsg': 'E11000 duplicate key error collection: tcg_database.jap_skipped_images index: image_name_1 dup key: { image_name: "107581.jpg" }', 'keyPattern': {'image_name': 1}, 'keyValue': {'image_name': '107581.jpg'}}
2025-04-29 22:29:00,489 - csv_importer - ERROR - Error inserting skipped image ID: E11000 duplicate key error collection: tcg_database.jap_skipped_images index: image_name_1 dup key: { image_name: "107582.jpg" }, full error: {'index': 0, 'code': 11000, 'errmsg': 'E11000 duplicate key error collection: tcg_database.jap_skipped_images index: image_name_1 dup key: { image_name: "107582.jpg" }', 'keyPattern': {'image_name': 1}, 'keyValue': {'image_name': '107582.jpg'}}
2025-04-29 22:29:00,549 - csv_importer - ERROR - Error inserting skipped image ID: E11000 duplicate key error collection: tcg_database.jap_skipped_images index: image_name_1 dup key: { image_name: "107584.jpg" }, full error: {'index': 0, 'code': 11000, 'errmsg': 'E11000 duplicate key error collection: tcg_database.jap_skipped_images index: image_name_1 dup key: { image_name: "107584.jpg" }', 'keyPattern': {'image_name': 1}, 'keyValue': {'image_name': '107584.jpg'}}
2025-04-29 22:29:00,609 - csv_importer - ERROR - Error inserting skipped image ID: E11000 duplicate key error collection: tcg_database.jap_skipped_images index: image_name_1 dup key: { image_name: "107585.jpg" }, full error: {'index': 0, 'code': 11000, 'errmsg': 'E11000 duplicate key error collection: tcg_database.jap_skipped_images index: image_name_1 dup key: { image_name: "107585.jpg" }', 'keyPattern': {'image_name': 1}, 'keyValue': {'image_name': '107585.jpg'}}
2025-04-29 22:29:00,670 - csv_importer - ERROR - Error inserting skipped image ID: E11000 duplicate key error collection: tcg_database.jap_skipped_images index: image_name_1 dup key: { image_name: "107586.jpg" }, full error: {'index': 0, 'code': 11000, 'errmsg': 'E11000 duplicate key error collection: tcg_database.jap_skipped_images index: image_name_1 dup key: { image_name: "107586.jpg" }', 'keyPattern': {'image_name': 1}, 'keyValue': {'image_name': '107586.jpg'}}
2025-04-29 22:29:00,729 - csv_importer - ERROR - Error inserting skipped image ID: E11000 duplicate key error collection: tcg_database.jap_skipped_images index: image_name_1 dup key: { image_name: "107588.jpg" }, full error: {'index': 0, 'code': 11000, 'errmsg': 'E11000 duplicate key error collection: tcg_database.jap_skipped_images index: image_name_1 dup key: { image_name: "107588.jpg" }', 'keyPattern': {'image_name': 1}, 'keyValue': {'image_name': '107588.jpg'}}
2025-04-29 22:29:00,794 - csv_importer - ERROR - Error inserting skipped image ID: E11000 duplicate key error collection: tcg_database.jap_skipped_images index: image_name_1 dup key: { image_name: "107589.jpg" }, full error: {'index': 0, 'code': 11000, 'errmsg': 'E11000 duplicate key error collection: tcg_database.jap_skipped_images index: image_name_1 dup key: { image_name: "107589.jpg" }', 'keyPattern': {'image_name': 1}, 'keyValue': {'image_name': '107589.jpg'}}
2025-04-29 22:29:00,862 - csv_importer - ERROR - Error inserting skipped image ID: E11000 duplicate key error collection: tcg_database.jap_skipped_images index: image_name_1 dup key: { image_name: "107591.jpg" }, full error: {'index': 0, 'code': 11000, 'errmsg': 'E11000 duplicate key error collection: tcg_database.jap_skipped_images index: image_name_1 dup key: { image_name: "107591.jpg" }', 'keyPattern': {'image_name': 1}, 'keyValue': {'image_name': '107591.jpg'}}
2025-04-29 22:29:00,925 - csv_importer - ERROR - Error inserting skipped image ID: E11000 duplicate key error collection: tcg_database.jap_skipped_images index: image_name_1 dup key: { image_name: "391628.jpg" }, full error: {'index': 0, 'code': 11000, 'errmsg': 'E11000 duplicate key error collection: tcg_database.jap_skipped_images index: image_name_1 dup key: { image_name: "391628.jpg" }', 'keyPattern': {'image_name': 1}, 'keyValue': {'image_name': '391628.jpg'}}
2025-04-29 22:29:00,990 - csv_importer - ERROR - Error inserting skipped image ID: E11000 duplicate key error collection: tcg_database.jap_skipped_images index: image_name_1 dup key: { image_name: "338764.jpg" }, full error: {'index': 0, 'code': 11000, 'errmsg': 'E11000 duplicate key error collection: tcg_database.jap_skipped_images index: image_name_1 dup key: { image_name: "338764.jpg" }', 'keyPattern': {'image_name': 1}, 'keyValue': {'image_name': '338764.jpg'}}
2025-04-29 22:29:01,050 - csv_importer - ERROR - Error inserting skipped image ID: E11000 duplicate key error collection: tcg_database.jap_skipped_images index: image_name_1 dup key: { image_name: "338919.jpg" }, full error: {'index': 0, 'code': 11000, 'errmsg': 'E11000 duplicate key error collection: tcg_database.jap_skipped_images index: image_name_1 dup key: { image_name: "338919.jpg" }', 'keyPattern': {'image_name': 1}, 'keyValue': {'image_name': '338919.jpg'}}
2025-04-29 22:29:01,110 - csv_importer - ERROR - Error inserting skipped image ID: E11000 duplicate key error collection: tcg_database.jap_skipped_images index: image_name_1 dup key: { image_name: "339357.jpg" }, full error: {'index': 0, 'code': 11000, 'errmsg': 'E11000 duplicate key error collection: tcg_database.jap_skipped_images index: image_name_1 dup key: { image_name: "339357.jpg" }', 'keyPattern': {'image_name': 1}, 'keyValue': {'image_name': '339357.jpg'}}
2025-04-29 22:29:01,176 - csv_importer - ERROR - Error inserting skipped image ID: E11000 duplicate key error collection: tcg_database.jap_skipped_images index: image_name_1 dup key: { image_name: "339445.jpg" }, full error: {'index': 0, 'code': 11000, 'errmsg': 'E11000 duplicate key error collection: tcg_database.jap_skipped_images index: image_name_1 dup key: { image_name: "339445.jpg" }', 'keyPattern': {'image_name': 1}, 'keyValue': {'image_name': '339445.jpg'}}
2025-04-29 22:29:01,238 - csv_importer - ERROR - Error inserting skipped image ID: E11000 duplicate key error collection: tcg_database.jap_skipped_images index: image_name_1 dup key: { image_name: "341651.jpg" }, full error: {'index': 0, 'code': 11000, 'errmsg': 'E11000 duplicate key error collection: tcg_database.jap_skipped_images index: image_name_1 dup key: { image_name: "341651.jpg" }', 'keyPattern': {'image_name': 1}, 'keyValue': {'image_name': '341651.jpg'}}
2025-04-29 22:29:01,297 - csv_importer - ERROR - Error inserting skipped image ID: E11000 duplicate key error collection: tcg_database.jap_skipped_images index: image_name_1 dup key: { image_name: "341655.jpg" }, full error: {'index': 0, 'code': 11000, 'errmsg': 'E11000 duplicate key error collection: tcg_database.jap_skipped_images index: image_name_1 dup key: { image_name: "341655.jpg" }', 'keyPattern': {'image_name': 1}, 'keyValue': {'image_name': '341655.jpg'}}
2025-04-29 22:29:01,358 - csv_importer - ERROR - Error inserting skipped image ID: E11000 duplicate key error collection: tcg_database.jap_skipped_images index: image_name_1 dup key: { image_name: "342615.jpg" }, full error: {'index': 0, 'code': 11000, 'errmsg': 'E11000 duplicate key error collection: tcg_database.jap_skipped_images index: image_name_1 dup key: { image_name: "342615.jpg" }', 'keyPattern': {'image_name': 1}, 'keyValue': {'image_name': '342615.jpg'}}
2025-04-29 22:29:01,420 - csv_importer - ERROR - Error inserting skipped image ID: E11000 duplicate key error collection: tcg_database.jap_skipped_images index: image_name_1 dup key: { image_name: "344287.jpg" }, full error: {'index': 0, 'code': 11000, 'errmsg': 'E11000 duplicate key error collection: tcg_database.jap_skipped_images index: image_name_1 dup key: { image_name: "344287.jpg" }', 'keyPattern': {'image_name': 1}, 'keyValue': {'image_name': '344287.jpg'}}
2025-04-29 22:29:01,478 - csv_importer - ERROR - Error inserting skipped image ID: E11000 duplicate key error collection: tcg_database.jap_skipped_images index: image_name_1 dup key: { image_name: "344352.jpg" }, full error: {'index': 0, 'code': 11000, 'errmsg': 'E11000 duplicate key error collection: tcg_database.jap_skipped_images index: image_name_1 dup key: { image_name: "344352.jpg" }', 'keyPattern': {'image_name': 1}, 'keyValue': {'image_name': '344352.jpg'}}
2025-04-29 22:29:01,537 - csv_importer - ERROR - Error inserting skipped image ID: E11000 duplicate key error collection: tcg_database.jap_skipped_images index: image_name_1 dup key: { image_name: "344353.jpg" }, full error: {'index': 0, 'code': 11000, 'errmsg': 'E11000 duplicate key error collection: tcg_database.jap_skipped_images index: image_name_1 dup key: { image_name: "344353.jpg" }', 'keyPattern': {'image_name': 1}, 'keyValue': {'image_name': '344353.jpg'}}
2025-04-29 22:29:01,601 - csv_importer - ERROR - Error inserting skipped image ID: E11000 duplicate key error collection: tcg_database.jap_skipped_images index: image_name_1 dup key: { image_name: "347211.jpg" }, full error: {'index': 0, 'code': 11000, 'errmsg': 'E11000 duplicate key error collection: tcg_database.jap_skipped_images index: image_name_1 dup key: { image_name: "347211.jpg" }', 'keyPattern': {'image_name': 1}, 'keyValue': {'image_name': '347211.jpg'}}
2025-04-29 22:29:01,661 - csv_importer - ERROR - Error inserting skipped image ID: E11000 duplicate key error collection: tcg_database.jap_skipped_images index: image_name_1 dup key: { image_name: "347646.jpg" }, full error: {'index': 0, 'code': 11000, 'errmsg': 'E11000 duplicate key error collection: tcg_database.jap_skipped_images index: image_name_1 dup key: { image_name: "347646.jpg" }', 'keyPattern': {'image_name': 1}, 'keyValue': {'image_name': '347646.jpg'}}
2025-04-29 22:29:01,725 - csv_importer - ERROR - Error inserting skipped image ID: E11000 duplicate key error collection: tcg_database.jap_skipped_images index: image_name_1 dup key: { image_name: "352910.jpg" }, full error: {'index': 0, 'code': 11000, 'errmsg': 'E11000 duplicate key error collection: tcg_database.jap_skipped_images index: image_name_1 dup key: { image_name: "352910.jpg" }', 'keyPattern': {'image_name': 1}, 'keyValue': {'image_name': '352910.jpg'}}
2025-04-29 22:29:01,786 - csv_importer - ERROR - Error inserting skipped image ID: E11000 duplicate key error collection: tcg_database.jap_skipped_images index: image_name_1 dup key: { image_name: "352950.jpg" }, full error: {'index': 0, 'code': 11000, 'errmsg': 'E11000 duplicate key error collection: tcg_database.jap_skipped_images index: image_name_1 dup key: { image_name: "352950.jpg" }', 'keyPattern': {'image_name': 1}, 'keyValue': {'image_name': '352950.jpg'}}
2025-04-29 22:29:01,844 - csv_importer - ERROR - Error inserting skipped image ID: E11000 duplicate key error collection: tcg_database.jap_skipped_images index: image_name_1 dup key: { image_name: "352954.jpg" }, full error: {'index': 0, 'code': 11000, 'errmsg': 'E11000 duplicate key error collection: tcg_database.jap_skipped_images index: image_name_1 dup key: { image_name: "352954.jpg" }', 'keyPattern': {'image_name': 1}, 'keyValue': {'image_name': '352954.jpg'}}
2025-04-29 22:29:01,904 - csv_importer - ERROR - Error inserting skipped image ID: E11000 duplicate key error collection: tcg_database.jap_skipped_images index: image_name_1 dup key: { image_name: "354172.jpg" }, full error: {'index': 0, 'code': 11000, 'errmsg': 'E11000 duplicate key error collection: tcg_database.jap_skipped_images index: image_name_1 dup key: { image_name: "354172.jpg" }', 'keyPattern': {'image_name': 1}, 'keyValue': {'image_name': '354172.jpg'}}
2025-04-29 22:29:01,964 - csv_importer - ERROR - Error inserting skipped image ID: E11000 duplicate key error collection: tcg_database.jap_skipped_images index: image_name_1 dup key: { image_name: "356923.jpg" }, full error: {'index': 0, 'code': 11000, 'errmsg': 'E11000 duplicate key error collection: tcg_database.jap_skipped_images index: image_name_1 dup key: { image_name: "356923.jpg" }', 'keyPattern': {'image_name': 1}, 'keyValue': {'image_name': '356923.jpg'}}
2025-04-29 22:29:02,025 - csv_importer - ERROR - Error inserting skipped image ID: E11000 duplicate key error collection: tcg_database.jap_skipped_images index: image_name_1 dup key: { image_name: "365473.jpg" }, full error: {'index': 0, 'code': 11000, 'errmsg': 'E11000 duplicate key error collection: tcg_database.jap_skipped_images index: image_name_1 dup key: { image_name: "365473.jpg" }', 'keyPattern': {'image_name': 1}, 'keyValue': {'image_name': '365473.jpg'}}
2025-04-29 22:29:02,094 - csv_importer - ERROR - Error inserting skipped image ID: E11000 duplicate key error collection: tcg_database.jap_skipped_images index: image_name_1 dup key: { image_name: "365474.jpg" }, full error: {'index': 0, 'code': 11000, 'errmsg': 'E11000 duplicate key error collection: tcg_database.jap_skipped_images index: image_name_1 dup key: { image_name: "365474.jpg" }', 'keyPattern': {'image_name': 1}, 'keyValue': {'image_name': '365474.jpg'}}
2025-04-29 22:29:02,152 - csv_importer - ERROR - Error inserting skipped image ID: E11000 duplicate key error collection: tcg_database.jap_skipped_images index: image_name_1 dup key: { image_name: "365486.jpg" }, full error: {'index': 0, 'code': 11000, 'errmsg': 'E11000 duplicate key error collection: tcg_database.jap_skipped_images index: image_name_1 dup key: { image_name: "365486.jpg" }', 'keyPattern': {'image_name': 1}, 'keyValue': {'image_name': '365486.jpg'}}
2025-04-29 22:29:02,212 - csv_importer - ERROR - Error inserting skipped image ID: E11000 duplicate key error collection: tcg_database.jap_skipped_images index: image_name_1 dup key: { image_name: "379398.jpg" }, full error: {'index': 0, 'code': 11000, 'errmsg': 'E11000 duplicate key error collection: tcg_database.jap_skipped_images index: image_name_1 dup key: { image_name: "379398.jpg" }', 'keyPattern': {'image_name': 1}, 'keyValue': {'image_name': '379398.jpg'}}
2025-04-29 22:29:02,268 - csv_importer - ERROR - Error inserting skipped image ID: E11000 duplicate key error collection: tcg_database.jap_skipped_images index: image_name_1 dup key: { image_name: "379399.jpg" }, full error: {'index': 0, 'code': 11000, 'errmsg': 'E11000 duplicate key error collection: tcg_database.jap_skipped_images index: image_name_1 dup key: { image_name: "379399.jpg" }', 'keyPattern': {'image_name': 1}, 'keyValue': {'image_name': '379399.jpg'}}
2025-04-29 22:29:02,333 - csv_importer - ERROR - Error inserting skipped image ID: E11000 duplicate key error collection: tcg_database.jap_skipped_images index: image_name_1 dup key: { image_name: "379405.jpg" }, full error: {'index': 0, 'code': 11000, 'errmsg': 'E11000 duplicate key error collection: tcg_database.jap_skipped_images index: image_name_1 dup key: { image_name: "379405.jpg" }', 'keyPattern': {'image_name': 1}, 'keyValue': {'image_name': '379405.jpg'}}
2025-04-29 22:29:02,399 - csv_importer - ERROR - Error inserting skipped image ID: E11000 duplicate key error collection: tcg_database.jap_skipped_images index: image_name_1 dup key: { image_name: "379407.jpg" }, full error: {'index': 0, 'code': 11000, 'errmsg': 'E11000 duplicate key error collection: tcg_database.jap_skipped_images index: image_name_1 dup key: { image_name: "379407.jpg" }', 'keyPattern': {'image_name': 1}, 'keyValue': {'image_name': '379407.jpg'}}
2025-04-29 22:29:02,461 - csv_importer - ERROR - Error inserting skipped image ID: E11000 duplicate key error collection: tcg_database.jap_skipped_images index: image_name_1 dup key: { image_name: "380319.jpg" }, full error: {'index': 0, 'code': 11000, 'errmsg': 'E11000 duplicate key error collection: tcg_database.jap_skipped_images index: image_name_1 dup key: { image_name: "380319.jpg" }', 'keyPattern': {'image_name': 1}, 'keyValue': {'image_name': '380319.jpg'}}
2025-04-29 22:29:02,525 - csv_importer - ERROR - Error inserting skipped image ID: E11000 duplicate key error collection: tcg_database.jap_skipped_images index: image_name_1 dup key: { image_name: "380488.jpg" }, full error: {'index': 0, 'code': 11000, 'errmsg': 'E11000 duplicate key error collection: tcg_database.jap_skipped_images index: image_name_1 dup key: { image_name: "380488.jpg" }', 'keyPattern': {'image_name': 1}, 'keyValue': {'image_name': '380488.jpg'}}
2025-04-29 22:29:02,600 - csv_importer - ERROR - Error inserting skipped image ID: E11000 duplicate key error collection: tcg_database.jap_skipped_images index: image_name_1 dup key: { image_name: "381404.jpg" }, full error: {'index': 0, 'code': 11000, 'errmsg': 'E11000 duplicate key error collection: tcg_database.jap_skipped_images index: image_name_1 dup key: { image_name: "381404.jpg" }', 'keyPattern': {'image_name': 1}, 'keyValue': {'image_name': '381404.jpg'}}
2025-04-29 22:29:02,662 - csv_importer - ERROR - Error inserting skipped image ID: E11000 duplicate key error collection: tcg_database.jap_skipped_images index: image_name_1 dup key: { image_name: "381740.jpg" }, full error: {'index': 0, 'code': 11000, 'errmsg': 'E11000 duplicate key error collection: tcg_database.jap_skipped_images index: image_name_1 dup key: { image_name: "381740.jpg" }', 'keyPattern': {'image_name': 1}, 'keyValue': {'image_name': '381740.jpg'}}
2025-04-29 22:29:02,724 - csv_importer - ERROR - Error inserting skipped image ID: E11000 duplicate key error collection: tcg_database.jap_skipped_images index: image_name_1 dup key: { image_name: "382172.jpg" }, full error: {'index': 0, 'code': 11000, 'errmsg': 'E11000 duplicate key error collection: tcg_database.jap_skipped_images index: image_name_1 dup key: { image_name: "382172.jpg" }', 'keyPattern': {'image_name': 1}, 'keyValue': {'image_name': '382172.jpg'}}
2025-04-29 22:29:02,782 - csv_importer - ERROR - Error inserting skipped image ID: E11000 duplicate key error collection: tcg_database.jap_skipped_images index: image_name_1 dup key: { image_name: "382467.jpg" }, full error: {'index': 0, 'code': 11000, 'errmsg': 'E11000 duplicate key error collection: tcg_database.jap_skipped_images index: image_name_1 dup key: { image_name: "382467.jpg" }', 'keyPattern': {'image_name': 1}, 'keyValue': {'image_name': '382467.jpg'}}
2025-04-29 22:29:02,840 - csv_importer - ERROR - Error inserting skipped image ID: E11000 duplicate key error collection: tcg_database.jap_skipped_images index: image_name_1 dup key: { image_name: "385546.jpg" }, full error: {'index': 0, 'code': 11000, 'errmsg': 'E11000 duplicate key error collection: tcg_database.jap_skipped_images index: image_name_1 dup key: { image_name: "385546.jpg" }', 'keyPattern': {'image_name': 1}, 'keyValue': {'image_name': '385546.jpg'}}
2025-04-29 22:29:02,897 - csv_importer - ERROR - Error inserting skipped image ID: E11000 duplicate key error collection: tcg_database.jap_skipped_images index: image_name_1 dup key: { image_name: "385856.jpg" }, full error: {'index': 0, 'code': 11000, 'errmsg': 'E11000 duplicate key error collection: tcg_database.jap_skipped_images index: image_name_1 dup key: { image_name: "385856.jpg" }', 'keyPattern': {'image_name': 1}, 'keyValue': {'image_name': '385856.jpg'}}
2025-04-29 22:29:02,958 - csv_importer - ERROR - Error inserting skipped image ID: E11000 duplicate key error collection: tcg_database.jap_skipped_images index: image_name_1 dup key: { image_name: "385857.jpg" }, full error: {'index': 0, 'code': 11000, 'errmsg': 'E11000 duplicate key error collection: tcg_database.jap_skipped_images index: image_name_1 dup key: { image_name: "385857.jpg" }', 'keyPattern': {'image_name': 1}, 'keyValue': {'image_name': '385857.jpg'}}
2025-04-29 22:29:03,016 - csv_importer - ERROR - Error inserting skipped image ID: E11000 duplicate key error collection: tcg_database.jap_skipped_images index: image_name_1 dup key: { image_name: "387645.jpg" }, full error: {'index': 0, 'code': 11000, 'errmsg': 'E11000 duplicate key error collection: tcg_database.jap_skipped_images index: image_name_1 dup key: { image_name: "387645.jpg" }', 'keyPattern': {'image_name': 1}, 'keyValue': {'image_name': '387645.jpg'}}
2025-04-29 22:29:03,080 - csv_importer - ERROR - Error inserting skipped image ID: E11000 duplicate key error collection: tcg_database.jap_skipped_images index: image_name_1 dup key: { image_name: "387774.jpg" }, full error: {'index': 0, 'code': 11000, 'errmsg': 'E11000 duplicate key error collection: tcg_database.jap_skipped_images index: image_name_1 dup key: { image_name: "387774.jpg" }', 'keyPattern': {'image_name': 1}, 'keyValue': {'image_name': '387774.jpg'}}
2025-04-29 22:29:03,137 - csv_importer - ERROR - Error inserting skipped image ID: E11000 duplicate key error collection: tcg_database.jap_skipped_images index: image_name_1 dup key: { image_name: "388465.jpg" }, full error: {'index': 0, 'code': 11000, 'errmsg': 'E11000 duplicate key error collection: tcg_database.jap_skipped_images index: image_name_1 dup key: { image_name: "388465.jpg" }', 'keyPattern': {'image_name': 1}, 'keyValue': {'image_name': '388465.jpg'}}
2025-04-29 22:29:03,196 - csv_importer - ERROR - Error inserting skipped image ID: E11000 duplicate key error collection: tcg_database.jap_skipped_images index: image_name_1 dup key: { image_name: "388466.jpg" }, full error: {'index': 0, 'code': 11000, 'errmsg': 'E11000 duplicate key error collection: tcg_database.jap_skipped_images index: image_name_1 dup key: { image_name: "388466.jpg" }', 'keyPattern': {'image_name': 1}, 'keyValue': {'image_name': '388466.jpg'}}
2025-04-29 22:29:03,255 - csv_importer - ERROR - Error inserting skipped image ID: E11000 duplicate key error collection: tcg_database.jap_skipped_images index: image_name_1 dup key: { image_name: "389501.jpg" }, full error: {'index': 0, 'code': 11000, 'errmsg': 'E11000 duplicate key error collection: tcg_database.jap_skipped_images index: image_name_1 dup key: { image_name: "389501.jpg" }', 'keyPattern': {'image_name': 1}, 'keyValue': {'image_name': '389501.jpg'}}
2025-04-29 22:29:03,315 - csv_importer - ERROR - Error inserting skipped image ID: E11000 duplicate key error collection: tcg_database.jap_skipped_images index: image_name_1 dup key: { image_name: "389707.jpg" }, full error: {'index': 0, 'code': 11000, 'errmsg': 'E11000 duplicate key error collection: tcg_database.jap_skipped_images index: image_name_1 dup key: { image_name: "389707.jpg" }', 'keyPattern': {'image_name': 1}, 'keyValue': {'image_name': '389707.jpg'}}
2025-04-29 22:29:03,375 - csv_importer - ERROR - Error inserting skipped image ID: E11000 duplicate key error collection: tcg_database.jap_skipped_images index: image_name_1 dup key: { image_name: "390814.jpg" }, full error: {'index': 0, 'code': 11000, 'errmsg': 'E11000 duplicate key error collection: tcg_database.jap_skipped_images index: image_name_1 dup key: { image_name: "390814.jpg" }', 'keyPattern': {'image_name': 1}, 'keyValue': {'image_name': '390814.jpg'}}
2025-04-29 22:29:03,440 - csv_importer - ERROR - Error inserting skipped image ID: E11000 duplicate key error collection: tcg_database.jap_skipped_images index: image_name_1 dup key: { image_name: "391092.jpg" }, full error: {'index': 0, 'code': 11000, 'errmsg': 'E11000 duplicate key error collection: tcg_database.jap_skipped_images index: image_name_1 dup key: { image_name: "391092.jpg" }', 'keyPattern': {'image_name': 1}, 'keyValue': {'image_name': '391092.jpg'}}
2025-04-29 22:29:03,497 - csv_importer - ERROR - Error inserting skipped image ID: E11000 duplicate key error collection: tcg_database.jap_skipped_images index: image_name_1 dup key: { image_name: "391609.jpg" }, full error: {'index': 0, 'code': 11000, 'errmsg': 'E11000 duplicate key error collection: tcg_database.jap_skipped_images index: image_name_1 dup key: { image_name: "391609.jpg" }', 'keyPattern': {'image_name': 1}, 'keyValue': {'image_name': '391609.jpg'}}
2025-04-29 22:29:03,563 - csv_importer - ERROR - Error inserting skipped image ID: E11000 duplicate key error collection: tcg_database.jap_skipped_images index: image_name_1 dup key: { image_name: "391620.jpg" }, full error: {'index': 0, 'code': 11000, 'errmsg': 'E11000 duplicate key error collection: tcg_database.jap_skipped_images index: image_name_1 dup key: { image_name: "391620.jpg" }', 'keyPattern': {'image_name': 1}, 'keyValue': {'image_name': '391620.jpg'}}
2025-04-29 22:29:03,629 - csv_importer - ERROR - Error inserting skipped image ID: E11000 duplicate key error collection: tcg_database.jap_skipped_images index: image_name_1 dup key: { image_name: "391622.jpg" }, full error: {'index': 0, 'code': 11000, 'errmsg': 'E11000 duplicate key error collection: tcg_database.jap_skipped_images index: image_name_1 dup key: { image_name: "391622.jpg" }', 'keyPattern': {'image_name': 1}, 'keyValue': {'image_name': '391622.jpg'}}
2025-04-29 22:29:03,688 - csv_importer - ERROR - Error inserting skipped image ID: E11000 duplicate key error collection: tcg_database.jap_skipped_images index: image_name_1 dup key: { image_name: "391623.jpg" }, full error: {'index': 0, 'code': 11000, 'errmsg': 'E11000 duplicate key error collection: tcg_database.jap_skipped_images index: image_name_1 dup key: { image_name: "391623.jpg" }', 'keyPattern': {'image_name': 1}, 'keyValue': {'image_name': '391623.jpg'}}
2025-04-29 22:29:03,750 - csv_importer - ERROR - Error inserting skipped image ID: E11000 duplicate key error collection: tcg_database.jap_skipped_images index: image_name_1 dup key: { image_name: "391624.jpg" }, full error: {'index': 0, 'code': 11000, 'errmsg': 'E11000 duplicate key error collection: tcg_database.jap_skipped_images index: image_name_1 dup key: { image_name: "391624.jpg" }', 'keyPattern': {'image_name': 1}, 'keyValue': {'image_name': '391624.jpg'}}
2025-04-29 22:29:03,809 - csv_importer - ERROR - Error inserting skipped image ID: E11000 duplicate key error collection: tcg_database.jap_skipped_images index: image_name_1 dup key: { image_name: "391625.jpg" }, full error: {'index': 0, 'code': 11000, 'errmsg': 'E11000 duplicate key error collection: tcg_database.jap_skipped_images index: image_name_1 dup key: { image_name: "391625.jpg" }', 'keyPattern': {'image_name': 1}, 'keyValue': {'image_name': '391625.jpg'}}
2025-04-29 22:29:03,868 - csv_importer - ERROR - Error inserting skipped image ID: E11000 duplicate key error collection: tcg_database.jap_skipped_images index: image_name_1 dup key: { image_name: "391626.jpg" }, full error: {'index': 0, 'code': 11000, 'errmsg': 'E11000 duplicate key error collection: tcg_database.jap_skipped_images index: image_name_1 dup key: { image_name: "391626.jpg" }', 'keyPattern': {'image_name': 1}, 'keyValue': {'image_name': '391626.jpg'}}
2025-04-29 22:29:03,925 - csv_importer - ERROR - Error inserting skipped image ID: E11000 duplicate key error collection: tcg_database.jap_skipped_images index: image_name_1 dup key: { image_name: "391627.jpg" }, full error: {'index': 0, 'code': 11000, 'errmsg': 'E11000 duplicate key error collection: tcg_database.jap_skipped_images index: image_name_1 dup key: { image_name: "391627.jpg" }', 'keyPattern': {'image_name': 1}, 'keyValue': {'image_name': '391627.jpg'}}
2025-04-29 22:29:03,990 - csv_importer - ERROR - Error inserting skipped image ID: E11000 duplicate key error collection: tcg_database.jap_skipped_images index: image_name_1 dup key: { image_name: "108959.jpg" }, full error: {'index': 0, 'code': 11000, 'errmsg': 'E11000 duplicate key error collection: tcg_database.jap_skipped_images index: image_name_1 dup key: { image_name: "108959.jpg" }', 'keyPattern': {'image_name': 1}, 'keyValue': {'image_name': '108959.jpg'}}
2025-04-29 22:29:04,051 - csv_importer - ERROR - Error inserting skipped image ID: E11000 duplicate key error collection: tcg_database.jap_skipped_images index: image_name_1 dup key: { image_name: "108960.jpg" }, full error: {'index': 0, 'code': 11000, 'errmsg': 'E11000 duplicate key error collection: tcg_database.jap_skipped_images index: image_name_1 dup key: { image_name: "108960.jpg" }', 'keyPattern': {'image_name': 1}, 'keyValue': {'image_name': '108960.jpg'}}
2025-04-29 22:29:04,108 - csv_importer - ERROR - Error inserting skipped image ID: E11000 duplicate key error collection: tcg_database.jap_skipped_images index: image_name_1 dup key: { image_name: "108961.jpg" }, full error: {'index': 0, 'code': 11000, 'errmsg': 'E11000 duplicate key error collection: tcg_database.jap_skipped_images index: image_name_1 dup key: { image_name: "108961.jpg" }', 'keyPattern': {'image_name': 1}, 'keyValue': {'image_name': '108961.jpg'}}
2025-04-29 22:29:04,168 - csv_importer - ERROR - Error inserting skipped image ID: E11000 duplicate key error collection: tcg_database.jap_skipped_images index: image_name_1 dup key: { image_name: "108962.jpg" }, full error: {'index': 0, 'code': 11000, 'errmsg': 'E11000 duplicate key error collection: tcg_database.jap_skipped_images index: image_name_1 dup key: { image_name: "108962.jpg" }', 'keyPattern': {'image_name': 1}, 'keyValue': {'image_name': '108962.jpg'}}
2025-04-29 22:29:04,231 - csv_importer - ERROR - Error inserting skipped image ID: E11000 duplicate key error collection: tcg_database.jap_skipped_images index: image_name_1 dup key: { image_name: "108963.jpg" }, full error: {'index': 0, 'code': 11000, 'errmsg': 'E11000 duplicate key error collection: tcg_database.jap_skipped_images index: image_name_1 dup key: { image_name: "108963.jpg" }', 'keyPattern': {'image_name': 1}, 'keyValue': {'image_name': '108963.jpg'}}
2025-04-29 22:29:04,305 - csv_importer - ERROR - Error inserting skipped image ID: E11000 duplicate key error collection: tcg_database.jap_skipped_images index: image_name_1 dup key: { image_name: "108964.jpg" }, full error: {'index': 0, 'code': 11000, 'errmsg': 'E11000 duplicate key error collection: tcg_database.jap_skipped_images index: image_name_1 dup key: { image_name: "108964.jpg" }', 'keyPattern': {'image_name': 1}, 'keyValue': {'image_name': '108964.jpg'}}
2025-04-29 22:29:04,364 - csv_importer - ERROR - Error inserting skipped image ID: E11000 duplicate key error collection: tcg_database.jap_skipped_images index: image_name_1 dup key: { image_name: "108965.jpg" }, full error: {'index': 0, 'code': 11000, 'errmsg': 'E11000 duplicate key error collection: tcg_database.jap_skipped_images index: image_name_1 dup key: { image_name: "108965.jpg" }', 'keyPattern': {'image_name': 1}, 'keyValue': {'image_name': '108965.jpg'}}
2025-04-29 22:29:04,430 - csv_importer - ERROR - Error inserting skipped image ID: E11000 duplicate key error collection: tcg_database.jap_skipped_images index: image_name_1 dup key: { image_name: "108966.jpg" }, full error: {'index': 0, 'code': 11000, 'errmsg': 'E11000 duplicate key error collection: tcg_database.jap_skipped_images index: image_name_1 dup key: { image_name: "108966.jpg" }', 'keyPattern': {'image_name': 1}, 'keyValue': {'image_name': '108966.jpg'}}
2025-04-29 22:29:04,486 - csv_importer - ERROR - Error inserting skipped image ID: E11000 duplicate key error collection: tcg_database.jap_skipped_images index: image_name_1 dup key: { image_name: "108967.jpg" }, full error: {'index': 0, 'code': 11000, 'errmsg': 'E11000 duplicate key error collection: tcg_database.jap_skipped_images index: image_name_1 dup key: { image_name: "108967.jpg" }', 'keyPattern': {'image_name': 1}, 'keyValue': {'image_name': '108967.jpg'}}
2025-04-29 22:29:04,555 - csv_importer - ERROR - Error inserting skipped image ID: E11000 duplicate key error collection: tcg_database.jap_skipped_images index: image_name_1 dup key: { image_name: "108968.jpg" }, full error: {'index': 0, 'code': 11000, 'errmsg': 'E11000 duplicate key error collection: tcg_database.jap_skipped_images index: image_name_1 dup key: { image_name: "108968.jpg" }', 'keyPattern': {'image_name': 1}, 'keyValue': {'image_name': '108968.jpg'}}
2025-04-29 22:29:04,614 - csv_importer - ERROR - Error inserting skipped image ID: E11000 duplicate key error collection: tcg_database.jap_skipped_images index: image_name_1 dup key: { image_name: "108970.jpg" }, full error: {'index': 0, 'code': 11000, 'errmsg': 'E11000 duplicate key error collection: tcg_database.jap_skipped_images index: image_name_1 dup key: { image_name: "108970.jpg" }', 'keyPattern': {'image_name': 1}, 'keyValue': {'image_name': '108970.jpg'}}
2025-04-29 22:29:04,672 - csv_importer - ERROR - Error inserting skipped image ID: E11000 duplicate key error collection: tcg_database.jap_skipped_images index: image_name_1 dup key: { image_name: "108971.jpg" }, full error: {'index': 0, 'code': 11000, 'errmsg': 'E11000 duplicate key error collection: tcg_database.jap_skipped_images index: image_name_1 dup key: { image_name: "108971.jpg" }', 'keyPattern': {'image_name': 1}, 'keyValue': {'image_name': '108971.jpg'}}
2025-04-29 22:29:04,729 - csv_importer - ERROR - Error inserting skipped image ID: E11000 duplicate key error collection: tcg_database.jap_skipped_images index: image_name_1 dup key: { image_name: "108972.jpg" }, full error: {'index': 0, 'code': 11000, 'errmsg': 'E11000 duplicate key error collection: tcg_database.jap_skipped_images index: image_name_1 dup key: { image_name: "108972.jpg" }', 'keyPattern': {'image_name': 1}, 'keyValue': {'image_name': '108972.jpg'}}
2025-04-29 22:29:04,801 - csv_importer - ERROR - Error inserting skipped image ID: E11000 duplicate key error collection: tcg_database.jap_skipped_images index: image_name_1 dup key: { image_name: "108973.jpg" }, full error: {'index': 0, 'code': 11000, 'errmsg': 'E11000 duplicate key error collection: tcg_database.jap_skipped_images index: image_name_1 dup key: { image_name: "108973.jpg" }', 'keyPattern': {'image_name': 1}, 'keyValue': {'image_name': '108973.jpg'}}
2025-04-29 22:29:04,869 - csv_importer - ERROR - Error inserting skipped image ID: E11000 duplicate key error collection: tcg_database.jap_skipped_images index: image_name_1 dup key: { image_name: "337226.jpg" }, full error: {'index': 0, 'code': 11000, 'errmsg': 'E11000 duplicate key error collection: tcg_database.jap_skipped_images index: image_name_1 dup key: { image_name: "337226.jpg" }', 'keyPattern': {'image_name': 1}, 'keyValue': {'image_name': '337226.jpg'}}
2025-04-29 22:29:04,926 - csv_importer - ERROR - Error inserting skipped image ID: E11000 duplicate key error collection: tcg_database.jap_skipped_images index: image_name_1 dup key: { image_name: "111373.jpg" }, full error: {'index': 0, 'code': 11000, 'errmsg': 'E11000 duplicate key error collection: tcg_database.jap_skipped_images index: image_name_1 dup key: { image_name: "111373.jpg" }', 'keyPattern': {'image_name': 1}, 'keyValue': {'image_name': '111373.jpg'}}
2025-04-29 22:29:04,990 - csv_importer - ERROR - Error inserting skipped image ID: E11000 duplicate key error collection: tcg_database.jap_skipped_images index: image_name_1 dup key: { image_name: "111374.jpg" }, full error: {'index': 0, 'code': 11000, 'errmsg': 'E11000 duplicate key error collection: tcg_database.jap_skipped_images index: image_name_1 dup key: { image_name: "111374.jpg" }', 'keyPattern': {'image_name': 1}, 'keyValue': {'image_name': '111374.jpg'}}
2025-04-29 22:29:05,056 - csv_importer - ERROR - Error inserting skipped image ID: E11000 duplicate key error collection: tcg_database.jap_skipped_images index: image_name_1 dup key: { image_name: "111375.jpg" }, full error: {'index': 0, 'code': 11000, 'errmsg': 'E11000 duplicate key error collection: tcg_database.jap_skipped_images index: image_name_1 dup key: { image_name: "111375.jpg" }', 'keyPattern': {'image_name': 1}, 'keyValue': {'image_name': '111375.jpg'}}
2025-04-29 22:29:05,114 - csv_importer - ERROR - Error inserting skipped image ID: E11000 duplicate key error collection: tcg_database.jap_skipped_images index: image_name_1 dup key: { image_name: "111376.jpg" }, full error: {'index': 0, 'code': 11000, 'errmsg': 'E11000 duplicate key error collection: tcg_database.jap_skipped_images index: image_name_1 dup key: { image_name: "111376.jpg" }', 'keyPattern': {'image_name': 1}, 'keyValue': {'image_name': '111376.jpg'}}
2025-04-29 22:29:05,174 - csv_importer - ERROR - Error inserting skipped image ID: E11000 duplicate key error collection: tcg_database.jap_skipped_images index: image_name_1 dup key: { image_name: "111377.jpg" }, full error: {'index': 0, 'code': 11000, 'errmsg': 'E11000 duplicate key error collection: tcg_database.jap_skipped_images index: image_name_1 dup key: { image_name: "111377.jpg" }', 'keyPattern': {'image_name': 1}, 'keyValue': {'image_name': '111377.jpg'}}
2025-04-29 22:29:05,237 - csv_importer - ERROR - Error inserting skipped image ID: E11000 duplicate key error collection: tcg_database.jap_skipped_images index: image_name_1 dup key: { image_name: "111378.jpg" }, full error: {'index': 0, 'code': 11000, 'errmsg': 'E11000 duplicate key error collection: tcg_database.jap_skipped_images index: image_name_1 dup key: { image_name: "111378.jpg" }', 'keyPattern': {'image_name': 1}, 'keyValue': {'image_name': '111378.jpg'}}
2025-04-29 22:29:05,294 - csv_importer - ERROR - Error inserting skipped image ID: E11000 duplicate key error collection: tcg_database.jap_skipped_images index: image_name_1 dup key: { image_name: "111379.jpg" }, full error: {'index': 0, 'code': 11000, 'errmsg': 'E11000 duplicate key error collection: tcg_database.jap_skipped_images index: image_name_1 dup key: { image_name: "111379.jpg" }', 'keyPattern': {'image_name': 1}, 'keyValue': {'image_name': '111379.jpg'}}
2025-04-29 22:29:05,353 - csv_importer - ERROR - Error inserting skipped image ID: E11000 duplicate key error collection: tcg_database.jap_skipped_images index: image_name_1 dup key: { image_name: "111380.jpg" }, full error: {'index': 0, 'code': 11000, 'errmsg': 'E11000 duplicate key error collection: tcg_database.jap_skipped_images index: image_name_1 dup key: { image_name: "111380.jpg" }', 'keyPattern': {'image_name': 1}, 'keyValue': {'image_name': '111380.jpg'}}
2025-04-29 22:29:05,412 - csv_importer - ERROR - Error inserting skipped image ID: E11000 duplicate key error collection: tcg_database.jap_skipped_images index: image_name_1 dup key: { image_name: "111389.jpg" }, full error: {'index': 0, 'code': 11000, 'errmsg': 'E11000 duplicate key error collection: tcg_database.jap_skipped_images index: image_name_1 dup key: { image_name: "111389.jpg" }', 'keyPattern': {'image_name': 1}, 'keyValue': {'image_name': '111389.jpg'}}
2025-04-29 22:29:05,484 - csv_importer - ERROR - Error inserting skipped image ID: E11000 duplicate key error collection: tcg_database.jap_skipped_images index: image_name_1 dup key: { image_name: "111390.jpg" }, full error: {'index': 0, 'code': 11000, 'errmsg': 'E11000 duplicate key error collection: tcg_database.jap_skipped_images index: image_name_1 dup key: { image_name: "111390.jpg" }', 'keyPattern': {'image_name': 1}, 'keyValue': {'image_name': '111390.jpg'}}
2025-04-29 22:29:05,549 - csv_importer - ERROR - Error inserting skipped image ID: E11000 duplicate key error collection: tcg_database.jap_skipped_images index: image_name_1 dup key: { image_name: "111391.jpg" }, full error: {'index': 0, 'code': 11000, 'errmsg': 'E11000 duplicate key error collection: tcg_database.jap_skipped_images index: image_name_1 dup key: { image_name: "111391.jpg" }', 'keyPattern': {'image_name': 1}, 'keyValue': {'image_name': '111391.jpg'}}
2025-04-29 22:29:05,609 - csv_importer - ERROR - Error inserting skipped image ID: E11000 duplicate key error collection: tcg_database.jap_skipped_images index: image_name_1 dup key: { image_name: "111392.jpg" }, full error: {'index': 0, 'code': 11000, 'errmsg': 'E11000 duplicate key error collection: tcg_database.jap_skipped_images index: image_name_1 dup key: { image_name: "111392.jpg" }', 'keyPattern': {'image_name': 1}, 'keyValue': {'image_name': '111392.jpg'}}
2025-04-29 22:29:05,669 - csv_importer - ERROR - Error inserting skipped image ID: E11000 duplicate key error collection: tcg_database.jap_skipped_images index: image_name_1 dup key: { image_name: "118444.jpg" }, full error: {'index': 0, 'code': 11000, 'errmsg': 'E11000 duplicate key error collection: tcg_database.jap_skipped_images index: image_name_1 dup key: { image_name: "118444.jpg" }', 'keyPattern': {'image_name': 1}, 'keyValue': {'image_name': '118444.jpg'}}
2025-04-29 22:29:05,728 - csv_importer - ERROR - Error inserting skipped image ID: E11000 duplicate key error collection: tcg_database.jap_skipped_images index: image_name_1 dup key: { image_name: "118447.jpg" }, full error: {'index': 0, 'code': 11000, 'errmsg': 'E11000 duplicate key error collection: tcg_database.jap_skipped_images index: image_name_1 dup key: { image_name: "118447.jpg" }', 'keyPattern': {'image_name': 1}, 'keyValue': {'image_name': '118447.jpg'}}
2025-04-29 22:29:05,785 - csv_importer - ERROR - Error inserting skipped image ID: E11000 duplicate key error collection: tcg_database.jap_skipped_images index: image_name_1 dup key: { image_name: "118448.jpg" }, full error: {'index': 0, 'code': 11000, 'errmsg': 'E11000 duplicate key error collection: tcg_database.jap_skipped_images index: image_name_1 dup key: { image_name: "118448.jpg" }', 'keyPattern': {'image_name': 1}, 'keyValue': {'image_name': '118448.jpg'}}
2025-04-29 22:29:05,845 - csv_importer - ERROR - Error inserting skipped image ID: E11000 duplicate key error collection: tcg_database.jap_skipped_images index: image_name_1 dup key: { image_name: "118449.jpg" }, full error: {'index': 0, 'code': 11000, 'errmsg': 'E11000 duplicate key error collection: tcg_database.jap_skipped_images index: image_name_1 dup key: { image_name: "118449.jpg" }', 'keyPattern': {'image_name': 1}, 'keyValue': {'image_name': '118449.jpg'}}
2025-04-29 22:29:05,913 - csv_importer - INFO - Inserted skipped image ID: 118450.jpg
2025-04-29 22:29:05,974 - csv_importer - INFO - Inserted skipped image ID: 118451.jpg
2025-04-29 22:29:06,052 - csv_importer - INFO - Inserted skipped image ID: 118452.jpg
2025-04-29 22:29:06,118 - csv_importer - INFO - Inserted skipped image ID: 118453.jpg
2025-04-29 22:29:06,184 - csv_importer - INFO - Inserted skipped image ID: 118454.jpg
2025-04-29 22:29:06,252 - csv_importer - INFO - Inserted skipped image ID: 118467.jpg
2025-04-29 22:29:06,314 - csv_importer - INFO - Inserted skipped image ID: 118469.jpg
2025-04-29 22:29:06,380 - csv_importer - INFO - Inserted skipped image ID: 118470.jpg
2025-04-29 22:29:06,449 - csv_importer - INFO - Inserted skipped image ID: 118471.jpg
2025-04-29 22:29:06,514 - csv_importer - INFO - Inserted skipped image ID: 118472.jpg
2025-04-29 22:29:06,584 - csv_importer - INFO - Inserted skipped image ID: 118473.jpg
2025-04-29 22:29:06,648 - csv_importer - INFO - Inserted skipped image ID: 118474.jpg
2025-04-29 22:29:06,721 - csv_importer - INFO - Inserted skipped image ID: 118475.jpg
2025-04-29 22:29:06,796 - csv_importer - INFO - Inserted skipped image ID: 161359.jpg
2025-04-29 22:29:06,859 - csv_importer - INFO - Inserted skipped image ID: 168580.jpg
2025-04-29 22:29:07,011 - csv_importer - INFO - Inserted skipped image ID: 178746.jpg
2025-04-29 22:29:07,077 - csv_importer - INFO - Inserted skipped image ID: 192039.jpg
2025-04-29 22:29:07,142 - csv_importer - INFO - Inserted skipped image ID: 192166.jpg
2025-04-29 22:29:07,217 - csv_importer - INFO - Inserted skipped image ID: 193885.jpg
2025-04-29 22:29:07,282 - csv_importer - INFO - Inserted skipped image ID: 193887.jpg
2025-04-29 22:29:07,354 - csv_importer - INFO - Inserted skipped image ID: 193888.jpg
2025-04-29 22:29:07,423 - csv_importer - INFO - Inserted skipped image ID: 194632.jpg
2025-04-29 22:29:07,495 - csv_importer - INFO - Inserted skipped image ID: 195667.jpg
2025-04-29 22:29:07,560 - csv_importer - INFO - Inserted skipped image ID: 197160.jpg
2025-04-29 22:29:07,629 - csv_importer - INFO - Inserted skipped image ID: 198228.jpg
2025-04-29 22:29:07,694 - csv_importer - INFO - Inserted skipped image ID: 203554.jpg
2025-04-29 22:29:07,759 - csv_importer - INFO - Inserted skipped image ID: 208321.jpg
2025-04-29 22:29:07,821 - csv_importer - INFO - Inserted skipped image ID: 208632.jpg
2025-04-29 22:29:07,887 - csv_importer - INFO - Inserted skipped image ID: 219577.jpg
2025-04-29 22:29:07,953 - csv_importer - INFO - Inserted skipped image ID: 219578.jpg
2025-04-29 22:29:08,016 - csv_importer - INFO - Inserted skipped image ID: 220306.jpg
2025-04-29 22:29:08,082 - csv_importer - INFO - Inserted skipped image ID: 221370.jpg
2025-04-29 22:29:08,143 - csv_importer - INFO - Inserted skipped image ID: 222509.jpg
2025-04-29 22:29:08,208 - csv_importer - INFO - Inserted skipped image ID: 224296.jpg
2025-04-29 22:29:08,273 - csv_importer - INFO - Inserted skipped image ID: 224365.jpg
2025-04-29 22:29:08,335 - csv_importer - INFO - Inserted skipped image ID: 224366.jpg
2025-04-29 22:29:08,399 - csv_importer - INFO - Inserted skipped image ID: 224367.jpg
2025-04-29 22:29:08,468 - csv_importer - INFO - Inserted skipped image ID: 224368.jpg
2025-04-29 22:29:08,534 - csv_importer - INFO - Inserted skipped image ID: 225208.jpg
2025-04-29 22:29:08,599 - csv_importer - INFO - Inserted skipped image ID: 231728.jpg
2025-04-29 22:29:08,663 - csv_importer - INFO - Inserted skipped image ID: 231947.jpg
2025-04-29 22:29:08,732 - csv_importer - INFO - Inserted skipped image ID: 232161.jpg
2025-04-29 22:29:08,799 - csv_importer - INFO - Inserted skipped image ID: 232166.jpg
2025-04-29 22:29:08,878 - csv_importer - INFO - Inserted skipped image ID: 232169.jpg
2025-04-29 22:29:08,948 - csv_importer - INFO - Inserted skipped image ID: 233812.jpg
2025-04-29 22:29:09,012 - csv_importer - INFO - Inserted skipped image ID: 233832.jpg
2025-04-29 22:29:09,079 - csv_importer - INFO - Inserted skipped image ID: 235360.jpg
2025-04-29 22:29:09,145 - csv_importer - INFO - Inserted skipped image ID: 237639.jpg
2025-04-29 22:29:09,211 - csv_importer - INFO - Inserted skipped image ID: 241037.jpg
2025-04-29 22:29:09,277 - csv_importer - INFO - Inserted skipped image ID: 243911.jpg
2025-04-29 22:29:09,346 - csv_importer - INFO - Inserted skipped image ID: 245768.jpg
2025-04-29 22:29:09,416 - csv_importer - INFO - Inserted skipped image ID: 245769.jpg
2025-04-29 22:29:09,479 - csv_importer - INFO - Inserted skipped image ID: 246151.jpg
2025-04-29 22:29:09,545 - csv_importer - INFO - Inserted skipped image ID: 246152.jpg
2025-04-29 22:29:09,621 - csv_importer - INFO - Inserted skipped image ID: 246153.jpg
2025-04-29 22:29:09,688 - csv_importer - INFO - Inserted skipped image ID: 246155.jpg
2025-04-29 22:29:09,755 - csv_importer - INFO - Inserted skipped image ID: 254263.jpg
2025-04-29 22:29:09,824 - csv_importer - INFO - Inserted skipped image ID: 255179.jpg
2025-04-29 22:29:09,892 - csv_importer - INFO - Inserted skipped image ID: 261112.jpg
2025-04-29 22:29:09,954 - csv_importer - INFO - Inserted skipped image ID: 262774.jpg
2025-04-29 22:29:10,016 - csv_importer - INFO - Inserted skipped image ID: 265800.jpg
2025-04-29 22:29:10,079 - csv_importer - INFO - Inserted skipped image ID: 265801.jpg
2025-04-29 22:29:10,148 - csv_importer - INFO - Inserted skipped image ID: 266437.jpg
2025-04-29 22:29:10,217 - csv_importer - INFO - Inserted skipped image ID: 266439.jpg
2025-04-29 22:29:10,280 - csv_importer - INFO - Inserted skipped image ID: 268797.jpg
2025-04-29 22:29:10,353 - csv_importer - INFO - Inserted skipped image ID: 269767.jpg
2025-04-29 22:29:10,422 - csv_importer - INFO - Inserted skipped image ID: 269780.jpg
2025-04-29 22:29:10,493 - csv_importer - INFO - Inserted skipped image ID: 269781.jpg
2025-04-29 22:29:10,551 - csv_importer - INFO - Inserted skipped image ID: 271743.jpg
2025-04-29 22:29:10,617 - csv_importer - INFO - Inserted skipped image ID: 272739.jpg
2025-04-29 22:29:10,681 - csv_importer - INFO - Inserted skipped image ID: 272740.jpg
2025-04-29 22:29:10,747 - csv_importer - INFO - Inserted skipped image ID: 286849.jpg
2025-04-29 22:29:10,810 - csv_importer - INFO - Inserted skipped image ID: 300096.jpg
2025-04-29 22:29:10,876 - csv_importer - INFO - Inserted skipped image ID: 300809.jpg
2025-04-29 22:29:10,939 - csv_importer - INFO - Inserted skipped image ID: 300810.jpg
2025-04-29 22:29:11,008 - csv_importer - INFO - Inserted skipped image ID: 300811.jpg
2025-04-29 22:29:11,076 - csv_importer - INFO - Inserted skipped image ID: 303231.jpg
2025-04-29 22:29:11,140 - csv_importer - INFO - Inserted skipped image ID: 309803.jpg
2025-04-29 22:29:11,203 - csv_importer - INFO - Inserted skipped image ID: 309807.jpg
2025-04-29 22:29:11,271 - csv_importer - INFO - Inserted skipped image ID: 309811.jpg
2025-04-29 22:29:11,339 - csv_importer - INFO - Inserted skipped image ID: 320573.jpg
2025-04-29 22:29:11,408 - csv_importer - INFO - Inserted skipped image ID: 320577.jpg
2025-04-29 22:29:11,473 - csv_importer - INFO - Inserted skipped image ID: 321558.jpg
2025-04-29 22:29:11,536 - csv_importer - INFO - Inserted skipped image ID: 321746.jpg
2025-04-29 22:29:11,609 - csv_importer - INFO - Inserted skipped image ID: 322220.jpg
2025-04-29 22:29:11,683 - csv_importer - INFO - Inserted skipped image ID: 331852.jpg
2025-04-29 22:29:11,743 - csv_importer - INFO - Inserted skipped image ID: 331856.jpg
2025-04-29 22:29:11,814 - csv_importer - INFO - Inserted skipped image ID: 331860.jpg
2025-04-29 22:29:11,879 - csv_importer - INFO - Inserted skipped image ID: 334970.jpg
2025-04-29 22:29:11,937 - csv_importer - INFO - Inserted skipped image ID: 335901.jpg
2025-04-29 22:29:11,996 - csv_importer - INFO - Inserted skipped image ID: 335902.jpg
2025-04-29 22:29:12,060 - csv_importer - INFO - Inserted skipped image ID: 335912.jpg
2025-04-29 22:29:12,133 - csv_importer - INFO - Inserted skipped image ID: 336527.jpg
2025-04-29 22:29:12,215 - csv_importer - INFO - Inserted skipped image ID: 337050.jpg
2025-04-29 22:29:12,286 - csv_importer - INFO - Inserted skipped image ID: 337051.jpg
2025-04-29 22:29:12,359 - csv_importer - INFO - Inserted skipped image ID: 337224.jpg
2025-04-29 22:29:12,430 - csv_importer - INFO - Inserted skipped image ID: 485923.jpg
2025-04-29 22:29:12,501 - csv_importer - INFO - Inserted skipped image ID: 485928.jpg
2025-04-29 22:29:12,572 - csv_importer - INFO - Inserted skipped image ID: 485929.jpg
2025-04-29 22:29:12,638 - csv_importer - INFO - Inserted skipped image ID: 485932.jpg
2025-04-29 22:29:12,700 - csv_importer - INFO - Inserted skipped image ID: 485933.jpg
2025-04-29 22:29:12,776 - csv_importer - INFO - Inserted skipped image ID: 485924.jpg
2025-04-29 22:29:12,838 - csv_importer - INFO - Inserted skipped image ID: 485925.jpg
2025-04-29 22:29:12,902 - csv_importer - INFO - Inserted skipped image ID: 485934.jpg
2025-04-29 22:29:12,973 - csv_importer - INFO - Inserted skipped image ID: 494961.jpg
2025-04-29 22:29:13,042 - csv_importer - INFO - Inserted skipped image ID: 494962.jpg
2025-04-29 22:29:13,110 - csv_importer - INFO - Inserted skipped image ID: 495281.jpg
2025-04-29 22:29:13,181 - csv_importer - INFO - Inserted skipped image ID: 495282.jpg
2025-04-29 22:29:13,246 - csv_importer - INFO - Inserted skipped image ID: 495284.jpg
2025-04-29 22:29:13,313 - csv_importer - INFO - Inserted skipped image ID: 496010.jpg
2025-04-29 22:29:13,378 - csv_importer - INFO - Inserted skipped image ID: 496012.jpg
2025-04-29 22:29:13,444 - csv_importer - INFO - Inserted skipped image ID: 497016.jpg
2025-04-29 22:29:13,509 - csv_importer - INFO - Inserted skipped image ID: 490042.jpg
2025-04-29 22:29:13,576 - csv_importer - INFO - Inserted skipped image ID: 485926.jpg
2025-04-29 22:29:13,643 - csv_importer - INFO - Inserted skipped image ID: 485927.jpg
2025-04-29 22:29:13,709 - csv_importer - INFO - Inserted skipped image ID: 485930.jpg
2025-04-29 22:29:13,787 - csv_importer - INFO - Inserted skipped image ID: 485931.jpg
2025-04-29 22:29:13,850 - csv_importer - INFO - Inserted skipped image ID: 485922.jpg
2025-04-29 22:29:13,927 - csv_importer - INFO - Inserted skipped image ID: 495283.jpg
2025-04-29 22:29:14,011 - csv_importer - INFO - Inserted skipped image ID: 495310.jpg
2025-04-29 22:29:14,089 - csv_importer - INFO - Inserted skipped image ID: 497017.jpg
2025-04-29 22:29:14,156 - csv_importer - INFO - Inserted skipped image ID: 497018.jpg
2025-04-29 22:29:14,221 - csv_importer - INFO - Inserted skipped image ID: 497089.jpg
2025-04-29 22:29:14,286 - csv_importer - INFO - Inserted skipped image ID: 497091.jpg
2025-04-29 22:29:14,354 - csv_importer - INFO - Inserted skipped image ID: 500271.jpg
2025-04-29 22:29:14,423 - csv_importer - INFO - Inserted skipped image ID: 502573.jpg
2025-04-29 22:29:14,496 - csv_importer - INFO - Inserted skipped image ID: 502574.jpg
2025-04-29 22:29:14,568 - csv_importer - INFO - Inserted skipped image ID: 502698.jpg
2025-04-29 22:29:14,633 - csv_importer - INFO - Inserted skipped image ID: 512037.jpg
2025-04-29 22:29:14,698 - csv_importer - INFO - Inserted skipped image ID: 512051.jpg
2025-04-29 22:29:14,780 - csv_importer - INFO - Inserted skipped image ID: 512053.jpg
2025-04-29 22:29:14,848 - csv_importer - INFO - Inserted skipped image ID: 512054.jpg
2025-04-29 22:29:14,913 - csv_importer - INFO - Inserted skipped image ID: 512594.jpg
2025-04-29 22:29:14,977 - csv_importer - INFO - Inserted skipped image ID: 512595.jpg
2025-04-29 22:29:15,049 - csv_importer - INFO - Inserted skipped image ID: 512596.jpg
2025-04-29 22:29:15,113 - csv_importer - INFO - Inserted skipped image ID: 518640.jpg
2025-04-29 22:29:15,176 - csv_importer - INFO - Inserted skipped image ID: 518641.jpg
2025-04-29 22:29:15,246 - csv_importer - INFO - Inserted skipped image ID: 518642.jpg
2025-04-29 22:29:15,310 - csv_importer - INFO - Inserted skipped image ID: 520406.jpg
2025-04-29 22:29:15,381 - csv_importer - INFO - Inserted skipped image ID: 520408.jpg
2025-04-29 22:29:15,450 - csv_importer - INFO - Inserted skipped image ID: 520409.jpg
2025-04-29 22:29:15,516 - csv_importer - INFO - Inserted skipped image ID: 522697.jpg
2025-04-29 22:29:15,579 - csv_importer - INFO - Inserted skipped image ID: 532796.jpg
2025-04-29 22:29:15,646 - csv_importer - INFO - Inserted skipped image ID: 532797.jpg
2025-04-29 22:29:15,716 - csv_importer - INFO - Inserted skipped image ID: 532798.jpg
2025-04-29 22:29:15,786 - csv_importer - INFO - Inserted skipped image ID: 532799.jpg
2025-04-29 22:29:15,860 - csv_importer - INFO - Inserted skipped image ID: 533841.jpg
2025-04-29 22:29:15,924 - csv_importer - INFO - Inserted skipped image ID: 537588.jpg
2025-04-29 22:29:15,993 - csv_importer - INFO - Inserted skipped image ID: 537589.jpg
2025-04-29 22:29:16,056 - csv_importer - INFO - Inserted skipped image ID: 537822.jpg
2025-04-29 22:29:16,125 - csv_importer - INFO - Inserted skipped image ID: 537823.jpg
2025-04-29 22:29:16,188 - csv_importer - INFO - Inserted skipped image ID: 537587.jpg
2025-04-29 22:29:16,253 - csv_importer - INFO - Inserted skipped image ID: 539147.jpg
2025-04-29 22:29:16,321 - csv_importer - INFO - Inserted skipped image ID: 543429.jpg
2025-04-29 22:29:16,388 - csv_importer - INFO - Inserted skipped image ID: 552149.jpg
2025-04-29 22:29:16,462 - csv_importer - INFO - Inserted skipped image ID: 557108.jpg
2025-04-29 22:29:16,527 - csv_importer - INFO - Inserted skipped image ID: 557109.jpg
2025-04-29 22:29:16,600 - csv_importer - INFO - Inserted skipped image ID: 557110.jpg
2025-04-29 22:29:16,664 - csv_importer - INFO - Inserted skipped image ID: 576551.jpg
2025-04-29 22:29:16,741 - csv_importer - INFO - Inserted skipped image ID: 587508.jpg
2025-04-29 22:29:16,818 - csv_importer - INFO - Inserted skipped image ID: 587509.jpg
2025-04-29 22:29:16,880 - csv_importer - INFO - Inserted skipped image ID: 587510.jpg
2025-04-29 22:29:16,954 - csv_importer - INFO - Inserted skipped image ID: 600498.jpg
2025-04-29 22:29:17,036 - csv_importer - INFO - Inserted skipped image ID: 600499.jpg
2025-04-29 22:29:17,102 - csv_importer - INFO - Inserted skipped image ID: 607896.jpg
2025-04-29 22:29:17,182 - csv_importer - INFO - Inserted skipped image ID: 600092.jpg
2025-04-29 22:29:17,258 - csv_importer - INFO - Inserted skipped image ID: 600093.jpg
2025-04-29 22:29:17,321 - csv_importer - INFO - Inserted skipped image ID: 578856.jpg
2025-04-29 22:29:17,384 - csv_importer - INFO - Inserted skipped image ID: 580711.jpg
2025-04-29 22:29:17,449 - csv_importer - INFO - Inserted skipped image ID: 580712.jpg
2025-04-29 22:29:17,518 - csv_importer - INFO - Inserted skipped image ID: 578842.jpg
2025-04-29 22:29:17,583 - csv_importer - INFO - Inserted skipped image ID: 543472.jpg
2025-04-29 22:29:17,656 - csv_importer - INFO - Inserted skipped image ID: 536110.jpg
2025-04-29 22:29:17,718 - csv_importer - INFO - Inserted skipped image ID: 322222.jpg
2025-04-29 22:29:17,781 - csv_importer - INFO - Inserted skipped image ID: 322223.jpg
2025-04-29 22:29:17,845 - csv_importer - INFO - Inserted skipped image ID: 322224.jpg
2025-04-29 22:29:17,909 - csv_importer - INFO - Inserted skipped image ID: 324046.jpg
2025-04-29 22:29:18,002 - csv_importer - INFO - Inserted skipped image ID: 324047.jpg
2025-04-29 22:29:18,061 - csv_importer - INFO - Inserted skipped image ID: 324048.jpg
2025-04-29 22:29:18,123 - csv_importer - INFO - Inserted skipped image ID: 324049.jpg
2025-04-29 22:29:18,198 - csv_importer - INFO - Inserted skipped image ID: 324050.jpg
2025-04-29 22:29:18,267 - csv_importer - INFO - Inserted skipped image ID: 324051.jpg
2025-04-29 22:29:18,327 - csv_importer - INFO - Inserted skipped image ID: 324052.jpg
2025-04-29 22:29:18,395 - csv_importer - INFO - Inserted skipped image ID: 324053.jpg
2025-04-29 22:29:18,463 - csv_importer - INFO - Inserted skipped image ID: 324054.jpg
2025-04-29 22:29:18,531 - csv_importer - INFO - Inserted skipped image ID: 324056.jpg
2025-04-29 22:29:18,597 - csv_importer - INFO - Inserted skipped image ID: 324058.jpg
2025-04-29 22:29:18,664 - csv_importer - INFO - Inserted skipped image ID: 324059.jpg
2025-04-29 22:29:18,728 - csv_importer - INFO - Inserted skipped image ID: 324060.jpg
2025-04-29 22:29:18,794 - csv_importer - INFO - Inserted skipped image ID: 327134.jpg
2025-04-29 22:29:18,866 - csv_importer - INFO - Inserted skipped image ID: 327115.jpg
2025-04-29 22:29:18,931 - csv_importer - INFO - Inserted skipped image ID: 327116.jpg
2025-04-29 22:29:18,998 - csv_importer - INFO - Inserted skipped image ID: 327117.jpg
2025-04-29 22:29:19,064 - csv_importer - INFO - Inserted skipped image ID: 327118.jpg
2025-04-29 22:29:19,127 - csv_importer - INFO - Inserted skipped image ID: 327119.jpg
2025-04-29 22:29:19,192 - csv_importer - INFO - Inserted skipped image ID: 327120.jpg
2025-04-29 22:29:19,286 - csv_importer - INFO - Inserted skipped image ID: 327121.jpg
2025-04-29 22:29:19,352 - csv_importer - INFO - Inserted skipped image ID: 327122.jpg
2025-04-29 22:29:19,426 - csv_importer - INFO - Inserted skipped image ID: 327123.jpg
2025-04-29 22:29:19,491 - csv_importer - INFO - Inserted skipped image ID: 327124.jpg
2025-04-29 22:29:19,578 - csv_importer - INFO - Inserted skipped image ID: 327125.jpg
2025-04-29 22:29:19,645 - csv_importer - INFO - Inserted skipped image ID: 327126.jpg
2025-04-29 22:29:19,722 - csv_importer - INFO - Inserted skipped image ID: 327127.jpg
2025-04-29 22:29:19,787 - csv_importer - INFO - Inserted skipped image ID: 327128.jpg
2025-04-29 22:29:19,858 - csv_importer - INFO - Inserted skipped image ID: 327129.jpg
2025-04-29 22:29:19,927 - csv_importer - INFO - Inserted skipped image ID: 327130.jpg
2025-04-29 22:29:19,999 - csv_importer - INFO - Inserted skipped image ID: 327131.jpg
2025-04-29 22:29:20,069 - csv_importer - INFO - Inserted skipped image ID: 327133.jpg
2025-04-29 22:29:20,140 - csv_importer - INFO - Inserted skipped image ID: 327520.jpg
2025-04-29 22:29:20,206 - csv_importer - INFO - Inserted skipped image ID: 327512.jpg
2025-04-29 22:29:20,288 - csv_importer - INFO - Inserted skipped image ID: 327513.jpg
2025-04-29 22:29:20,357 - csv_importer - INFO - Inserted skipped image ID: 327514.jpg
2025-04-29 22:29:20,422 - csv_importer - INFO - Inserted skipped image ID: 327515.jpg
2025-04-29 22:29:20,496 - csv_importer - INFO - Inserted skipped image ID: 327517.jpg
2025-04-29 22:29:20,563 - csv_importer - INFO - Inserted skipped image ID: 327518.jpg
2025-04-29 22:29:20,640 - csv_importer - INFO - Inserted skipped image ID: 327519.jpg
2025-04-29 22:29:20,702 - csv_importer - INFO - Inserted skipped image ID: 338759.jpg
2025-04-29 22:29:20,775 - csv_importer - INFO - Inserted skipped image ID: 336564.jpg
2025-04-29 22:29:20,838 - csv_importer - INFO - Inserted skipped image ID: 341648.jpg
2025-04-29 22:29:20,915 - csv_importer - INFO - Inserted skipped image ID: 340315.jpg
2025-04-29 22:29:20,975 - csv_importer - INFO - Inserted skipped image ID: 341649.jpg
2025-04-29 22:29:21,044 - csv_importer - INFO - Inserted skipped image ID: 346032.jpg
2025-04-29 22:29:21,113 - csv_importer - INFO - Inserted skipped image ID: 345731.jpg
2025-04-29 22:29:21,177 - csv_importer - INFO - Inserted skipped image ID: 347488.jpg
2025-04-29 22:29:21,244 - csv_importer - INFO - Inserted skipped image ID: 347489.jpg
2025-04-29 22:29:21,308 - csv_importer - INFO - Inserted skipped image ID: 350060.jpg
2025-04-29 22:29:21,374 - csv_importer - INFO - Inserted skipped image ID: 364879.jpg
2025-04-29 22:29:21,438 - csv_importer - INFO - Inserted skipped image ID: 385384.jpg
2025-04-29 22:29:21,504 - csv_importer - INFO - Inserted skipped image ID: 385385.jpg
2025-04-29 22:29:21,576 - csv_importer - INFO - Inserted skipped image ID: 385386.jpg
2025-04-29 22:29:21,651 - csv_importer - INFO - Inserted skipped image ID: 385388.jpg
2025-04-29 22:29:21,719 - csv_importer - INFO - Inserted skipped image ID: 385389.jpg
2025-04-29 22:29:21,802 - csv_importer - INFO - Inserted skipped image ID: 388455.jpg
2025-04-29 22:29:21,874 - csv_importer - INFO - Inserted skipped image ID: 365641.jpg
2025-04-29 22:29:21,942 - csv_importer - INFO - Inserted skipped image ID: 379277.jpg
2025-04-29 22:29:22,007 - csv_importer - INFO - Inserted skipped image ID: 379278.jpg
2025-04-29 22:29:22,071 - csv_importer - INFO - Inserted skipped image ID: 379279.jpg
2025-04-29 22:29:22,133 - csv_importer - INFO - Inserted skipped image ID: 385383.jpg
2025-04-29 22:29:22,197 - csv_importer - INFO - Inserted skipped image ID: 385387.jpg
2025-04-29 22:29:22,265 - csv_importer - INFO - Inserted skipped image ID: 390994.jpg
2025-04-29 22:29:22,379 - csv_importer - INFO - Inserted skipped image ID: 390993.jpg
2025-04-29 22:29:22,447 - csv_importer - INFO - Inserted skipped image ID: 391866.jpg
2025-04-29 22:29:22,522 - csv_importer - INFO - Inserted skipped image ID: 391865.jpg
2025-04-29 22:29:22,587 - csv_importer - INFO - Inserted skipped image ID: 396941.jpg
2025-04-29 22:29:22,655 - csv_importer - INFO - Inserted skipped image ID: 467004.jpg
2025-04-29 22:29:22,717 - csv_importer - INFO - Inserted skipped image ID: 467013.jpg
2025-04-29 22:29:22,780 - csv_importer - INFO - Inserted skipped image ID: 475213.jpg
2025-04-29 22:29:22,858 - csv_importer - INFO - Inserted skipped image ID: 475209.jpg
2025-04-29 22:29:22,918 - csv_importer - INFO - Inserted skipped image ID: 475210.jpg
2025-04-29 22:29:22,985 - csv_importer - INFO - Inserted skipped image ID: 475211.jpg
2025-04-29 22:29:23,052 - csv_importer - INFO - Inserted skipped image ID: 475212.jpg
2025-04-29 22:29:23,119 - csv_importer - INFO - Inserted skipped image ID: 477832.jpg
2025-04-29 22:29:23,186 - csv_importer - INFO - Inserted skipped image ID: 477831.jpg
2025-04-29 22:29:23,255 - csv_importer - INFO - Inserted skipped image ID: 510147.jpg
2025-04-29 22:29:23,322 - csv_importer - INFO - Inserted skipped image ID: 511074.jpg
2025-04-29 22:29:23,393 - csv_importer - INFO - Inserted skipped image ID: 517997.jpg
2025-04-29 22:29:23,460 - csv_importer - INFO - Inserted skipped image ID: 517994.jpg
2025-04-29 22:29:23,535 - csv_importer - INFO - Inserted skipped image ID: 517995.jpg
2025-04-29 22:29:23,603 - csv_importer - INFO - Inserted skipped image ID: 517996.jpg
2025-04-29 22:29:23,683 - csv_importer - INFO - Inserted skipped image ID: 594188.jpg
2025-04-29 22:29:23,751 - csv_importer - INFO - Inserted skipped image ID: 600629.jpg
2025-04-29 22:29:23,854 - csv_importer - INFO - Inserted skipped image ID: 601699.jpg
2025-04-29 22:29:23,920 - csv_importer - INFO - Inserted skipped image ID: 623425.jpg
2025-04-29 22:29:23,994 - csv_importer - INFO - Inserted skipped image ID: 328915.jpg
2025-04-29 22:29:24,068 - csv_importer - INFO - Inserted skipped image ID: 328916.jpg
2025-04-29 22:29:24,141 - csv_importer - INFO - Inserted skipped image ID: 328918.jpg
2025-04-29 22:29:24,209 - csv_importer - INFO - Inserted skipped image ID: 328919.jpg
2025-04-29 22:29:24,279 - csv_importer - INFO - Inserted skipped image ID: 328920.jpg
2025-04-29 22:29:24,391 - csv_importer - INFO - Inserted skipped image ID: 328921.jpg
2025-04-29 22:29:24,467 - csv_importer - INFO - Inserted skipped image ID: 328922.jpg
2025-04-29 22:29:24,530 - csv_importer - INFO - Inserted skipped image ID: 336601.jpg
2025-04-29 22:29:24,594 - csv_importer - INFO - Inserted skipped image ID: 242081.jpg
2025-04-29 22:29:24,664 - csv_importer - INFO - Inserted skipped image ID: 242082.jpg
2025-04-29 22:29:24,734 - csv_importer - INFO - Inserted skipped image ID: 242083.jpg
2025-04-29 22:29:24,800 - csv_importer - INFO - Inserted skipped image ID: 242085.jpg
2025-04-29 22:29:24,867 - csv_importer - INFO - Inserted skipped image ID: 247054.jpg
2025-04-29 22:29:24,935 - csv_importer - INFO - Inserted skipped image ID: 249174.jpg
2025-04-29 22:29:24,995 - csv_importer - INFO - Inserted skipped image ID: 249195.jpg
2025-04-29 22:29:25,060 - csv_importer - INFO - Inserted skipped image ID: 249196.jpg
2025-04-29 22:29:25,139 - csv_importer - INFO - Inserted skipped image ID: 264968.jpg
2025-04-29 22:29:25,208 - csv_importer - INFO - Inserted skipped image ID: 306482.jpg
2025-04-29 22:29:25,283 - csv_importer - INFO - Inserted skipped image ID: 346891.jpg
2025-04-29 22:29:25,348 - csv_importer - INFO - Inserted skipped image ID: 365643.jpg
2025-04-29 22:29:25,421 - csv_importer - INFO - Inserted skipped image ID: 381357.jpg
2025-04-29 22:29:25,487 - csv_importer - INFO - Inserted skipped image ID: 381361.jpg
2025-04-29 22:29:25,563 - csv_importer - INFO - Inserted skipped image ID: 381362.jpg
2025-04-29 22:29:25,631 - csv_importer - INFO - Inserted skipped image ID: 381364.jpg
2025-04-29 22:29:25,697 - csv_importer - INFO - Inserted skipped image ID: 381368.jpg
2025-04-29 22:29:25,761 - csv_importer - INFO - Inserted skipped image ID: 381370.jpg
2025-04-29 22:29:25,833 - csv_importer - INFO - Inserted skipped image ID: 381374.jpg
2025-04-29 22:29:25,898 - csv_importer - INFO - Inserted skipped image ID: 381375.jpg
2025-04-29 22:29:25,962 - csv_importer - INFO - Inserted skipped image ID: 387641.jpg
2025-04-29 22:29:26,027 - csv_importer - INFO - Inserted skipped image ID: 387760.jpg
2025-04-29 22:29:26,097 - csv_importer - INFO - Inserted skipped image ID: 387762.jpg
2025-04-29 22:29:26,163 - csv_importer - INFO - Inserted skipped image ID: 387764.jpg
2025-04-29 22:29:26,226 - csv_importer - INFO - Inserted skipped image ID: 387766.jpg
2025-04-29 22:29:26,290 - csv_importer - INFO - Inserted skipped image ID: 389441.jpg
2025-04-29 22:29:26,354 - csv_importer - INFO - Inserted skipped image ID: 389443.jpg
2025-04-29 22:29:26,417 - csv_importer - INFO - Inserted skipped image ID: 391081.jpg
2025-04-29 22:29:26,486 - csv_importer - INFO - Inserted skipped image ID: 391083.jpg
2025-04-29 22:29:26,555 - csv_importer - INFO - Inserted skipped image ID: 399561.jpg
2025-04-29 22:29:26,622 - csv_importer - INFO - Inserted skipped image ID: 401489.jpg
2025-04-29 22:29:26,695 - csv_importer - INFO - Inserted skipped image ID: 408784.jpg
2025-04-29 22:29:26,759 - csv_importer - INFO - Inserted skipped image ID: 416195.jpg
2025-04-29 22:29:26,833 - csv_importer - INFO - Inserted skipped image ID: 427052.jpg
2025-04-29 22:29:26,896 - csv_importer - INFO - Inserted skipped image ID: 428838.jpg
2025-04-29 22:29:26,959 - csv_importer - INFO - Inserted skipped image ID: 429344.jpg
2025-04-29 22:29:27,029 - csv_importer - INFO - Inserted skipped image ID: 433319.jpg
2025-04-29 22:29:27,098 - csv_importer - INFO - Inserted skipped image ID: 463052.jpg
2025-04-29 22:29:27,163 - csv_importer - INFO - Inserted skipped image ID: 463054.jpg
2025-04-29 22:29:27,231 - csv_importer - INFO - Inserted skipped image ID: 467136.jpg
2025-04-29 22:29:27,297 - csv_importer - INFO - Inserted skipped image ID: 467137.jpg
2025-04-29 22:29:27,361 - csv_importer - INFO - Inserted skipped image ID: 467138.jpg
2025-04-29 22:29:27,436 - csv_importer - INFO - Inserted skipped image ID: 467139.jpg
2025-04-29 22:29:27,506 - csv_importer - INFO - Inserted skipped image ID: 467505.jpg
2025-04-29 22:29:27,577 - csv_importer - INFO - Inserted skipped image ID: 469420.jpg
2025-04-29 22:29:27,646 - csv_importer - INFO - Inserted skipped image ID: 474919.jpg
2025-04-29 22:29:27,714 - csv_importer - INFO - Inserted skipped image ID: 474939.jpg
2025-04-29 22:29:27,779 - csv_importer - INFO - Inserted skipped image ID: 475976.jpg
2025-04-29 22:29:27,842 - csv_importer - INFO - Inserted skipped image ID: 495955.jpg
2025-04-29 22:29:27,909 - csv_importer - INFO - Inserted skipped image ID: 495956.jpg
2025-04-29 22:29:27,980 - csv_importer - INFO - Inserted skipped image ID: 495957.jpg
2025-04-29 22:29:28,043 - csv_importer - INFO - Inserted skipped image ID: 495958.jpg
2025-04-29 22:29:28,104 - csv_importer - INFO - Inserted skipped image ID: 503079.jpg
2025-04-29 22:29:28,172 - csv_importer - INFO - Inserted skipped image ID: 526941.jpg
2025-04-29 22:29:28,239 - csv_importer - INFO - Inserted skipped image ID: 529331.jpg
2025-04-29 22:29:28,318 - csv_importer - INFO - Inserted skipped image ID: 529332.jpg
2025-04-29 22:29:28,396 - csv_importer - INFO - Inserted skipped image ID: 530049.jpg
2025-04-29 22:29:28,470 - csv_importer - INFO - Inserted skipped image ID: 530050.jpg
2025-04-29 22:29:28,531 - csv_importer - INFO - Inserted skipped image ID: 530051.jpg
2025-04-29 22:29:28,605 - csv_importer - INFO - Inserted skipped image ID: 547138.jpg
2025-04-29 22:29:28,674 - csv_importer - INFO - Inserted skipped image ID: 550438.jpg
2025-04-29 22:29:28,751 - csv_importer - INFO - Inserted skipped image ID: 552016.jpg
2025-04-29 22:29:28,817 - csv_importer - INFO - Inserted skipped image ID: 552690.jpg
2025-04-29 22:29:28,884 - csv_importer - INFO - Inserted skipped image ID: 572222.jpg
2025-04-29 22:29:28,956 - csv_importer - INFO - Inserted skipped image ID: 572223.jpg
2025-04-29 22:29:29,023 - csv_importer - INFO - Inserted skipped image ID: 572225.jpg
2025-04-29 22:29:29,087 - csv_importer - INFO - Inserted skipped image ID: 574170.jpg
2025-04-29 22:29:29,154 - csv_importer - INFO - Inserted skipped image ID: 579439.jpg
2025-04-29 22:29:29,220 - csv_importer - INFO - Inserted skipped image ID: 579717.jpg
2025-04-29 22:29:29,283 - csv_importer - INFO - Inserted skipped image ID: 582263.jpg
2025-04-29 22:29:29,360 - csv_importer - INFO - Inserted skipped image ID: 586768.jpg
2025-04-29 22:29:29,421 - csv_importer - INFO - Inserted skipped image ID: 599057.jpg
2025-04-29 22:29:29,493 - csv_importer - INFO - Inserted skipped image ID: 599081.jpg
2025-04-29 22:29:29,563 - csv_importer - INFO - Inserted skipped image ID: 605134.jpg
2025-04-29 22:29:29,635 - csv_importer - INFO - Inserted skipped image ID: 608636.jpg
2025-04-29 22:29:29,698 - csv_importer - INFO - Inserted skipped image ID: 608783.jpg
2025-04-29 22:29:29,758 - csv_importer - INFO - Inserted skipped image ID: 614500.jpg
2025-04-29 22:29:29,830 - csv_importer - INFO - Inserted skipped image ID: 623311.jpg
2025-04-29 22:29:29,888 - csv_importer - INFO - Inserted skipped image ID: 627977.jpg
2025-04-29 22:29:29,954 - csv_importer - INFO - Inserted skipped image ID: 631668.jpg
2025-04-29 22:29:30,017 - csv_importer - INFO - Inserted skipped image ID: 631669.jpg
2025-04-29 22:29:30,092 - csv_importer - INFO - Inserted skipped image ID: 636017.jpg
2025-04-29 22:29:30,159 - csv_importer - INFO - Inserted skipped image ID: 636018.jpg
2025-04-29 22:29:30,225 - csv_importer - INFO - Inserted skipped image ID: 636019.jpg
2025-04-29 22:29:30,290 - csv_importer - INFO - Inserted skipped image ID: 636021.jpg
2025-04-29 22:29:30,370 - csv_importer - INFO - Inserted skipped image ID: 640056.jpg
2025-04-29 22:29:30,438 - csv_importer - INFO - Inserted skipped image ID: 642911.jpg
2025-04-29 22:29:30,505 - csv_importer - INFO - Inserted skipped image ID: 36697.jpg
2025-04-29 22:29:30,570 - csv_importer - INFO - Inserted skipped image ID: 36698.jpg
2025-04-29 22:29:30,644 - csv_importer - INFO - Inserted skipped image ID: 81953.jpg
2025-04-29 22:29:30,710 - csv_importer - INFO - Inserted skipped image ID: 130275.jpg
2025-04-29 22:29:30,794 - csv_importer - INFO - Inserted skipped image ID: 130219.jpg
2025-04-29 22:29:30,861 - csv_importer - INFO - Inserted skipped image ID: 130220.jpg
2025-04-29 22:29:30,931 - csv_importer - INFO - Inserted skipped image ID: 130221.jpg
2025-04-29 22:29:31,001 - csv_importer - INFO - Inserted skipped image ID: 130222.jpg
2025-04-29 22:29:31,074 - csv_importer - INFO - Inserted skipped image ID: 130223.jpg
2025-04-29 22:29:31,139 - csv_importer - INFO - Inserted skipped image ID: 130224.jpg
2025-04-29 22:29:31,206 - csv_importer - INFO - Inserted skipped image ID: 130225.jpg
2025-04-29 22:29:31,272 - csv_importer - INFO - Inserted skipped image ID: 130226.jpg
2025-04-29 22:29:31,337 - csv_importer - INFO - Inserted skipped image ID: 130227.jpg
2025-04-29 22:29:31,401 - csv_importer - INFO - Inserted skipped image ID: 130228.jpg
2025-04-29 22:29:31,470 - csv_importer - INFO - Inserted skipped image ID: 130229.jpg
2025-04-29 22:29:31,536 - csv_importer - INFO - Inserted skipped image ID: 130230.jpg
2025-04-29 22:29:31,606 - csv_importer - INFO - Inserted skipped image ID: 130231.jpg
2025-04-29 22:29:31,673 - csv_importer - INFO - Inserted skipped image ID: 130232.jpg
2025-04-29 22:29:31,742 - csv_importer - INFO - Inserted skipped image ID: 130244.jpg
2025-04-29 22:29:31,809 - csv_importer - INFO - Inserted skipped image ID: 130245.jpg
2025-04-29 22:29:31,883 - csv_importer - INFO - Inserted skipped image ID: 130246.jpg
2025-04-29 22:29:31,946 - csv_importer - INFO - Inserted skipped image ID: 130247.jpg
2025-04-29 22:29:32,016 - csv_importer - INFO - Inserted skipped image ID: 130248.jpg
2025-04-29 22:29:32,081 - csv_importer - INFO - Inserted skipped image ID: 130249.jpg
2025-04-29 22:29:32,147 - csv_importer - INFO - Inserted skipped image ID: 130250.jpg
2025-04-29 22:29:32,214 - csv_importer - INFO - Inserted skipped image ID: 130251.jpg
2025-04-29 22:29:32,279 - csv_importer - INFO - Inserted skipped image ID: 130252.jpg
2025-04-29 22:29:32,343 - csv_importer - INFO - Inserted skipped image ID: 130253.jpg
2025-04-29 22:29:32,414 - csv_importer - INFO - Inserted skipped image ID: 130254.jpg
2025-04-29 22:29:32,481 - csv_importer - INFO - Inserted skipped image ID: 130255.jpg
2025-04-29 22:29:32,548 - csv_importer - INFO - Inserted skipped image ID: 130256.jpg
2025-04-29 22:29:32,611 - csv_importer - INFO - Inserted skipped image ID: 130257.jpg
2025-04-29 22:29:32,680 - csv_importer - INFO - Inserted skipped image ID: 130258.jpg
2025-04-29 22:29:32,742 - csv_importer - INFO - Inserted skipped image ID: 130259.jpg
2025-04-29 22:29:32,814 - csv_importer - INFO - Inserted skipped image ID: 130260.jpg
2025-04-29 22:29:32,879 - csv_importer - INFO - Inserted skipped image ID: 130261.jpg
2025-04-29 22:29:32,948 - csv_importer - INFO - Inserted skipped image ID: 130262.jpg
2025-04-29 22:29:33,011 - csv_importer - INFO - Inserted skipped image ID: 130263.jpg
2025-04-29 22:29:33,074 - csv_importer - INFO - Inserted skipped image ID: 130264.jpg
2025-04-29 22:29:33,139 - csv_importer - INFO - Inserted skipped image ID: 130265.jpg
2025-04-29 22:29:33,207 - csv_importer - INFO - Inserted skipped image ID: 130266.jpg
2025-04-29 22:29:33,274 - csv_importer - INFO - Inserted skipped image ID: 130267.jpg
2025-04-29 22:29:33,340 - csv_importer - INFO - Inserted skipped image ID: 130268.jpg
2025-04-29 22:29:33,408 - csv_importer - INFO - Inserted skipped image ID: 130269.jpg
2025-04-29 22:29:33,489 - csv_importer - INFO - Inserted skipped image ID: 130270.jpg
2025-04-29 22:29:33,554 - csv_importer - INFO - Inserted skipped image ID: 130271.jpg
2025-04-29 22:29:33,621 - csv_importer - INFO - Inserted skipped image ID: 130272.jpg
2025-04-29 22:29:33,689 - csv_importer - INFO - Inserted skipped image ID: 130273.jpg
2025-04-29 22:29:33,758 - csv_importer - INFO - Inserted skipped image ID: 130274.jpg
2025-04-29 22:29:33,818 - csv_importer - INFO - Inserted skipped image ID: 640737.jpg
2025-04-29 22:29:33,890 - csv_importer - INFO - Inserted skipped image ID: 483802.jpg
2025-04-29 22:29:33,958 - csv_importer - INFO - Inserted skipped image ID: 487016.jpg
2025-04-29 22:29:34,045 - csv_importer - INFO - Inserted skipped image ID: 492735.jpg
2025-04-29 22:29:34,120 - csv_importer - INFO - Inserted skipped image ID: 492736.jpg
2025-04-29 22:29:34,209 - csv_importer - INFO - Inserted skipped image ID: 492991.jpg
2025-04-29 22:29:34,279 - csv_importer - INFO - Inserted skipped image ID: 501167.jpg
2025-04-29 22:29:34,352 - csv_importer - INFO - Inserted skipped image ID: 501168.jpg
2025-04-29 22:29:34,418 - csv_importer - INFO - Inserted skipped image ID: 501882.jpg
2025-04-29 22:29:34,489 - csv_importer - INFO - Inserted skipped image ID: 505582.jpg
2025-04-29 22:29:34,555 - csv_importer - INFO - Inserted skipped image ID: 509179.jpg
2025-04-29 22:29:34,622 - csv_importer - INFO - Inserted skipped image ID: 511027.jpg
2025-04-29 22:29:34,688 - csv_importer - INFO - Inserted skipped image ID: 512312.jpg
2025-04-29 22:29:34,754 - csv_importer - INFO - Inserted skipped image ID: 512313.jpg
2025-04-29 22:29:34,821 - csv_importer - INFO - Inserted skipped image ID: 512314.jpg
2025-04-29 22:29:34,887 - csv_importer - INFO - Inserted skipped image ID: 512315.jpg
2025-04-29 22:29:34,953 - csv_importer - INFO - Inserted skipped image ID: 512316.jpg
2025-04-29 22:29:35,018 - csv_importer - INFO - Inserted skipped image ID: 512317.jpg
2025-04-29 22:29:35,082 - csv_importer - INFO - Inserted skipped image ID: 517942.jpg
2025-04-29 22:29:35,152 - csv_importer - INFO - Inserted skipped image ID: 517943.jpg
2025-04-29 22:29:35,220 - csv_importer - INFO - Inserted skipped image ID: 517944.jpg
2025-04-29 22:29:35,296 - csv_importer - INFO - Inserted skipped image ID: 517945.jpg
2025-04-29 22:29:35,361 - csv_importer - INFO - Inserted skipped image ID: 518557.jpg
2025-04-29 22:29:35,437 - csv_importer - INFO - Inserted skipped image ID: 526682.jpg
2025-04-29 22:29:35,505 - csv_importer - INFO - Inserted skipped image ID: 528088.jpg
2025-04-29 22:29:35,577 - csv_importer - INFO - Inserted skipped image ID: 528089.jpg
2025-04-29 22:29:35,644 - csv_importer - INFO - Inserted skipped image ID: 528090.jpg
2025-04-29 22:29:35,725 - csv_importer - INFO - Inserted skipped image ID: 529593.jpg
2025-04-29 22:29:35,790 - csv_importer - INFO - Inserted skipped image ID: 530028.jpg
2025-04-29 22:29:35,874 - csv_importer - INFO - Inserted skipped image ID: 535987.jpg
2025-04-29 22:29:35,940 - csv_importer - INFO - Inserted skipped image ID: 535988.jpg
2025-04-29 22:29:36,034 - csv_importer - INFO - Inserted skipped image ID: 539948.jpg
2025-04-29 22:29:36,107 - csv_importer - INFO - Inserted skipped image ID: 542168.jpg
2025-04-29 22:29:36,194 - csv_importer - INFO - Inserted skipped image ID: 543089.jpg
2025-04-29 22:29:36,266 - csv_importer - INFO - Inserted skipped image ID: 543090.jpg
2025-04-29 22:29:36,332 - csv_importer - INFO - Inserted skipped image ID: 543091.jpg
2025-04-29 22:29:36,403 - csv_importer - INFO - Inserted skipped image ID: 543092.jpg
2025-04-29 22:29:36,470 - csv_importer - INFO - Inserted skipped image ID: 543093.jpg
2025-04-29 22:29:36,538 - csv_importer - INFO - Inserted skipped image ID: 543115.jpg
2025-04-29 22:29:36,601 - csv_importer - INFO - Inserted skipped image ID: 543116.jpg
2025-04-29 22:29:36,677 - csv_importer - INFO - Inserted skipped image ID: 543117.jpg
2025-04-29 22:29:36,750 - csv_importer - INFO - Inserted skipped image ID: 543569.jpg
2025-04-29 22:29:36,818 - csv_importer - INFO - Inserted skipped image ID: 545530.jpg
2025-04-29 22:29:36,884 - csv_importer - INFO - Inserted skipped image ID: 546489.jpg
2025-04-29 22:29:36,954 - csv_importer - INFO - Inserted skipped image ID: 546490.jpg
2025-04-29 22:29:37,023 - csv_importer - INFO - Inserted skipped image ID: 550406.jpg
2025-04-29 22:29:37,099 - csv_importer - INFO - Inserted skipped image ID: 551370.jpg
2025-04-29 22:29:37,165 - csv_importer - INFO - Inserted skipped image ID: 552694.jpg
2025-04-29 22:29:37,230 - csv_importer - INFO - Inserted skipped image ID: 553894.jpg
2025-04-29 22:29:37,294 - csv_importer - INFO - Inserted skipped image ID: 569741.jpg
2025-04-29 22:29:37,360 - csv_importer - INFO - Inserted skipped image ID: 576780.jpg
2025-04-29 22:29:37,425 - csv_importer - INFO - Inserted skipped image ID: 577275.jpg
2025-04-29 22:29:37,491 - csv_importer - INFO - Inserted skipped image ID: 577699.jpg
2025-04-29 22:29:37,554 - csv_importer - INFO - Inserted skipped image ID: 577701.jpg
2025-04-29 22:29:37,619 - csv_importer - INFO - Inserted skipped image ID: 593454.jpg
2025-04-29 22:29:37,690 - csv_importer - INFO - Inserted skipped image ID: 593909.jpg
2025-04-29 22:29:37,762 - csv_importer - INFO - Inserted skipped image ID: 593910.jpg
2025-04-29 22:29:37,828 - csv_importer - INFO - Inserted skipped image ID: 599091.jpg
2025-04-29 22:29:37,916 - csv_importer - INFO - Inserted skipped image ID: 602890.jpg
2025-04-29 22:29:37,981 - csv_importer - INFO - Inserted skipped image ID: 602891.jpg
2025-04-29 22:29:38,049 - csv_importer - INFO - Inserted skipped image ID: 602892.jpg
2025-04-29 22:29:38,115 - csv_importer - INFO - Inserted skipped image ID: 602893.jpg
2025-04-29 22:29:38,178 - csv_importer - INFO - Inserted skipped image ID: 602894.jpg
2025-04-29 22:29:38,242 - csv_importer - INFO - Inserted skipped image ID: 602895.jpg
2025-04-29 22:29:38,310 - csv_importer - INFO - Inserted skipped image ID: 602896.jpg
2025-04-29 22:29:38,375 - csv_importer - INFO - Inserted skipped image ID: 602897.jpg
2025-04-29 22:29:38,467 - csv_importer - INFO - Inserted skipped image ID: 602898.jpg
2025-04-29 22:29:38,537 - csv_importer - INFO - Inserted skipped image ID: 602899.jpg
2025-04-29 22:29:38,606 - csv_importer - INFO - Inserted skipped image ID: 602900.jpg
2025-04-29 22:29:38,672 - csv_importer - INFO - Inserted skipped image ID: 602901.jpg
2025-04-29 22:29:38,741 - csv_importer - INFO - Inserted skipped image ID: 602902.jpg
2025-04-29 22:29:38,807 - csv_importer - INFO - Inserted skipped image ID: 602903.jpg
2025-04-29 22:29:38,875 - csv_importer - INFO - Inserted skipped image ID: 602904.jpg
2025-04-29 22:29:38,950 - csv_importer - INFO - Inserted skipped image ID: 602905.jpg
2025-04-29 22:29:39,008 - csv_importer - INFO - Inserted skipped image ID: 602906.jpg
2025-04-29 22:29:39,073 - csv_importer - INFO - Inserted skipped image ID: 602907.jpg
2025-04-29 22:29:39,137 - csv_importer - INFO - Inserted skipped image ID: 602908.jpg
2025-04-29 22:29:39,204 - csv_importer - INFO - Inserted skipped image ID: 602909.jpg
2025-04-29 22:29:39,281 - csv_importer - INFO - Inserted skipped image ID: 602910.jpg
2025-04-29 22:29:39,344 - csv_importer - INFO - Inserted skipped image ID: 602911.jpg
2025-04-29 22:29:39,409 - csv_importer - INFO - Inserted skipped image ID: 602912.jpg
2025-04-29 22:29:39,483 - csv_importer - INFO - Inserted skipped image ID: 602913.jpg
2025-04-29 22:29:39,550 - csv_importer - INFO - Inserted skipped image ID: 602914.jpg
2025-04-29 22:29:39,619 - csv_importer - INFO - Inserted skipped image ID: 602915.jpg
2025-04-29 22:29:39,692 - csv_importer - INFO - Inserted skipped image ID: 602916.jpg
2025-04-29 22:29:39,755 - csv_importer - INFO - Inserted skipped image ID: 602917.jpg
2025-04-29 22:29:39,823 - csv_importer - INFO - Inserted skipped image ID: 602918.jpg
2025-04-29 22:29:39,889 - csv_importer - INFO - Inserted skipped image ID: 602919.jpg
2025-04-29 22:29:39,952 - csv_importer - INFO - Inserted skipped image ID: 602920.jpg
2025-04-29 22:29:40,019 - csv_importer - INFO - Inserted skipped image ID: 602921.jpg
2025-04-29 22:29:40,085 - csv_importer - INFO - Inserted skipped image ID: 602922.jpg
