2025-07-22 20:33:57,848 - csv_importer - INFO - Inserted skipped image ID: 85240
2025-07-22 20:34:14,106 - csv_importer - INFO - Inserted skipped image ID: 85241
2025-07-22 20:34:23,904 - csv_importer - INFO - Inserted skipped image ID: 85242
2025-07-22 20:34:39,402 - csv_importer - INFO - Inserted skipped image ID: 85243
2025-07-22 20:34:43,537 - csv_importer - ERROR - Error reading skipped images file: [Errno 2] No such file or directory: ''
2025-07-22 20:35:07,809 - csv_importer - INFO - Inserted skipped image ID: 85245
2025-07-22 20:49:35,764 - csv_importer - ERROR - Error reading skipped images file: [Errno 22] Invalid argument: '"C:\\Users\\seeya\\OneDrive\\Desktop\\id.csv"'
2025-07-22 20:50:00,411 - csv_importer - INFO - Inserted skipped image ID: 280857.jpg
2025-07-22 20:50:00,487 - csv_importer - INFO - Inserted skipped image ID: 130681.jpg
2025-07-22 20:50:00,549 - csv_importer - INFO - Inserted skipped image ID: 172989.jpg
2025-07-22 20:50:00,612 - csv_importer - INFO - Inserted skipped image ID: 173001.jpg
2025-07-22 20:50:00,684 - csv_importer - INFO - Inserted skipped image ID: 192273.jpg
2025-07-22 20:50:00,750 - csv_importer - INFO - Inserted skipped image ID: 240200.jpg
2025-07-22 20:50:00,812 - csv_importer - INFO - Inserted skipped image ID: 240201.jpg
2025-07-22 20:50:00,884 - csv_importer - INFO - Inserted skipped image ID: 454414.jpg
2025-07-22 20:50:00,950 - csv_importer - INFO - Inserted skipped image ID: 454432.jpg
2025-07-22 20:50:01,015 - csv_importer - INFO - Inserted skipped image ID: 455776.jpg
2025-07-22 20:50:01,079 - csv_importer - INFO - Inserted skipped image ID: 456111.jpg
2025-07-22 20:50:01,147 - csv_importer - INFO - Inserted skipped image ID: 456118.jpg
2025-07-22 20:50:01,211 - csv_importer - INFO - Inserted skipped image ID: 478807.jpg
2025-07-22 20:50:01,278 - csv_importer - INFO - Inserted skipped image ID: 479287.jpg
2025-07-22 20:50:01,348 - csv_importer - INFO - Inserted skipped image ID: 482406.jpg
2025-07-22 20:50:01,413 - csv_importer - INFO - Inserted skipped image ID: 482407.jpg
2025-07-22 20:50:01,476 - csv_importer - INFO - Inserted skipped image ID: 482411.jpg
2025-07-22 20:50:01,546 - csv_importer - INFO - Inserted skipped image ID: 482417.jpg
2025-07-22 20:50:01,623 - csv_importer - INFO - Inserted skipped image ID: 482418.jpg
2025-07-22 20:50:01,686 - csv_importer - INFO - Inserted skipped image ID: 482419.jpg
2025-07-22 20:50:01,754 - csv_importer - INFO - Inserted skipped image ID: 485256.jpg
2025-07-22 20:50:01,828 - csv_importer - INFO - Inserted skipped image ID: 485257.jpg
2025-07-22 20:50:01,899 - csv_importer - INFO - Inserted skipped image ID: 485258.jpg
2025-07-22 20:50:01,964 - csv_importer - INFO - Inserted skipped image ID: 491182.jpg
2025-07-22 20:50:02,033 - csv_importer - INFO - Inserted skipped image ID: 491183.jpg
2025-07-22 20:50:02,095 - csv_importer - INFO - Inserted skipped image ID: 500008.jpg
2025-07-22 20:50:02,160 - csv_importer - INFO - Inserted skipped image ID: 500009.jpg
2025-07-22 20:50:02,221 - csv_importer - INFO - Inserted skipped image ID: 500010.jpg
2025-07-22 20:50:02,288 - csv_importer - INFO - Inserted skipped image ID: 500011.jpg
2025-07-22 20:50:02,352 - csv_importer - INFO - Inserted skipped image ID: 500013.jpg
2025-07-22 20:50:02,415 - csv_importer - INFO - Inserted skipped image ID: 500014.jpg
2025-07-22 20:50:02,481 - csv_importer - INFO - Inserted skipped image ID: 500015.jpg
2025-07-22 20:50:02,545 - csv_importer - INFO - Inserted skipped image ID: 500016.jpg
2025-07-22 20:50:02,606 - csv_importer - INFO - Inserted skipped image ID: 500017.jpg
2025-07-22 20:50:02,671 - csv_importer - INFO - Inserted skipped image ID: 500018.jpg
2025-07-22 20:50:02,737 - csv_importer - INFO - Inserted skipped image ID: 500019.jpg
2025-07-22 20:50:02,800 - csv_importer - INFO - Inserted skipped image ID: 500021.jpg
2025-07-22 20:50:02,861 - csv_importer - INFO - Inserted skipped image ID: 508703.jpg
2025-07-22 20:50:02,936 - csv_importer - INFO - Inserted skipped image ID: 508704.jpg
2025-07-22 20:50:02,999 - csv_importer - INFO - Inserted skipped image ID: 508705.jpg
2025-07-22 20:50:03,062 - csv_importer - INFO - Inserted skipped image ID: 512519.jpg
2025-07-22 20:50:03,127 - csv_importer - INFO - Inserted skipped image ID: 512520.jpg
2025-07-22 20:50:03,191 - csv_importer - INFO - Inserted skipped image ID: 512521.jpg
2025-07-22 20:50:03,262 - csv_importer - INFO - Inserted skipped image ID: 512522.jpg
2025-07-22 20:50:03,327 - csv_importer - INFO - Inserted skipped image ID: 512523.jpg
2025-07-22 20:50:03,391 - csv_importer - INFO - Inserted skipped image ID: 516276.jpg
2025-07-22 20:50:03,455 - csv_importer - INFO - Inserted skipped image ID: 516277.jpg
2025-07-22 20:50:03,518 - csv_importer - INFO - Inserted skipped image ID: 516281.jpg
2025-07-22 20:50:03,582 - csv_importer - INFO - Inserted skipped image ID: 516290.jpg
2025-07-22 20:50:03,648 - csv_importer - INFO - Inserted skipped image ID: 516293.jpg
2025-07-22 20:50:03,716 - csv_importer - INFO - Inserted skipped image ID: 516297.jpg
2025-07-22 20:50:03,781 - csv_importer - INFO - Inserted skipped image ID: 517119.jpg
2025-07-22 20:50:03,844 - csv_importer - INFO - Inserted skipped image ID: 517120.jpg
2025-07-22 20:50:03,917 - csv_importer - INFO - Inserted skipped image ID: 518639.jpg
2025-07-22 20:50:03,979 - csv_importer - INFO - Inserted skipped image ID: 518643.jpg
2025-07-22 20:50:04,042 - csv_importer - INFO - Inserted skipped image ID: 518785.jpg
2025-07-22 20:50:04,105 - csv_importer - INFO - Inserted skipped image ID: 518862.jpg
2025-07-22 20:50:04,170 - csv_importer - INFO - Inserted skipped image ID: 524330.jpg
2025-07-22 20:50:04,232 - csv_importer - INFO - Inserted skipped image ID: 528648.jpg
2025-07-22 20:50:04,293 - csv_importer - INFO - Inserted skipped image ID: 528649.jpg
2025-07-22 20:50:04,357 - csv_importer - INFO - Inserted skipped image ID: 528652.jpg
2025-07-22 20:50:04,422 - csv_importer - INFO - Inserted skipped image ID: 528654.jpg
2025-07-22 20:50:04,485 - csv_importer - INFO - Inserted skipped image ID: 529695.jpg
2025-07-22 20:50:04,552 - csv_importer - INFO - Inserted skipped image ID: 531521.jpg
2025-07-22 20:50:04,616 - csv_importer - INFO - Inserted skipped image ID: 531522.jpg
2025-07-22 20:50:04,685 - csv_importer - INFO - Inserted skipped image ID: 531523.jpg
2025-07-22 20:50:04,756 - csv_importer - INFO - Inserted skipped image ID: 531524.jpg
2025-07-22 20:50:04,821 - csv_importer - INFO - Inserted skipped image ID: 531525.jpg
2025-07-22 20:50:04,889 - csv_importer - INFO - Inserted skipped image ID: 531526.jpg
2025-07-22 20:50:04,953 - csv_importer - INFO - Inserted skipped image ID: 531527.jpg
2025-07-22 20:50:05,019 - csv_importer - INFO - Inserted skipped image ID: 531528.jpg
2025-07-22 20:50:05,082 - csv_importer - INFO - Inserted skipped image ID: 531529.jpg
2025-07-22 20:50:05,145 - csv_importer - INFO - Inserted skipped image ID: 531988.jpg
2025-07-22 20:50:05,210 - csv_importer - INFO - Inserted skipped image ID: 543859.jpg
2025-07-22 20:50:05,295 - csv_importer - INFO - Inserted skipped image ID: 543860.jpg
2025-07-22 20:50:05,362 - csv_importer - INFO - Inserted skipped image ID: 543861.jpg
2025-07-22 20:50:05,426 - csv_importer - INFO - Inserted skipped image ID: 543862.jpg
2025-07-22 20:50:05,491 - csv_importer - INFO - Inserted skipped image ID: 543863.jpg
2025-07-22 20:50:05,556 - csv_importer - INFO - Inserted skipped image ID: 543864.jpg
2025-07-22 20:50:05,617 - csv_importer - INFO - Inserted skipped image ID: 543884.jpg
2025-07-22 20:50:05,679 - csv_importer - INFO - Inserted skipped image ID: 543885.jpg
2025-07-22 20:50:05,740 - csv_importer - INFO - Inserted skipped image ID: 543886.jpg
2025-07-22 20:50:05,802 - csv_importer - INFO - Inserted skipped image ID: 543931.jpg
2025-07-22 20:50:05,879 - csv_importer - INFO - Inserted skipped image ID: 543932.jpg
2025-07-22 20:50:05,944 - csv_importer - INFO - Inserted skipped image ID: 564487.jpg
2025-07-22 20:50:06,007 - csv_importer - INFO - Inserted skipped image ID: 565133.jpg
2025-07-22 20:50:06,084 - csv_importer - INFO - Inserted skipped image ID: 565134.jpg
2025-07-22 20:50:06,148 - csv_importer - INFO - Inserted skipped image ID: 570664.jpg
2025-07-22 20:50:06,212 - csv_importer - INFO - Inserted skipped image ID: 570665.jpg
2025-07-22 20:50:06,274 - csv_importer - INFO - Inserted skipped image ID: 570666.jpg
2025-07-22 20:50:06,339 - csv_importer - INFO - Inserted skipped image ID: 570667.jpg
2025-07-22 20:50:06,402 - csv_importer - INFO - Inserted skipped image ID: 570668.jpg
2025-07-22 20:50:06,469 - csv_importer - INFO - Inserted skipped image ID: 570672.jpg
2025-07-22 20:50:06,534 - csv_importer - INFO - Inserted skipped image ID: 570673.jpg
2025-07-22 20:50:06,597 - csv_importer - INFO - Inserted skipped image ID: 576610.jpg
2025-07-22 20:50:06,661 - csv_importer - INFO - Inserted skipped image ID: 576611.jpg
2025-07-22 20:50:06,723 - csv_importer - INFO - Inserted skipped image ID: 576612.jpg
2025-07-22 20:50:06,788 - csv_importer - INFO - Inserted skipped image ID: 576613.jpg
2025-07-22 20:50:06,862 - csv_importer - INFO - Inserted skipped image ID: 576614.jpg
2025-07-22 20:50:06,924 - csv_importer - INFO - Inserted skipped image ID: 576615.jpg
2025-07-22 20:50:06,988 - csv_importer - INFO - Inserted skipped image ID: 576616.jpg
2025-07-22 20:50:07,049 - csv_importer - INFO - Inserted skipped image ID: 576617.jpg
2025-07-22 20:50:07,112 - csv_importer - INFO - Inserted skipped image ID: 576618.jpg
2025-07-22 20:50:07,172 - csv_importer - INFO - Inserted skipped image ID: 576619.jpg
2025-07-22 20:50:07,230 - csv_importer - INFO - Inserted skipped image ID: 576620.jpg
2025-07-22 20:50:07,291 - csv_importer - INFO - Inserted skipped image ID: 576621.jpg
2025-07-22 20:50:07,354 - csv_importer - INFO - Inserted skipped image ID: 576622.jpg
2025-07-22 20:50:07,416 - csv_importer - INFO - Inserted skipped image ID: 576623.jpg
2025-07-22 20:50:07,481 - csv_importer - INFO - Inserted skipped image ID: 576624.jpg
2025-07-22 20:50:07,544 - csv_importer - INFO - Inserted skipped image ID: 576625.jpg
2025-07-22 20:50:07,607 - csv_importer - INFO - Inserted skipped image ID: 576626.jpg
2025-07-22 20:50:07,671 - csv_importer - INFO - Inserted skipped image ID: 576627.jpg
2025-07-22 20:50:07,734 - csv_importer - INFO - Inserted skipped image ID: 576628.jpg
2025-07-22 20:50:07,798 - csv_importer - INFO - Inserted skipped image ID: 576629.jpg
2025-07-22 20:50:07,861 - csv_importer - INFO - Inserted skipped image ID: 576630.jpg
2025-07-22 20:50:07,925 - csv_importer - INFO - Inserted skipped image ID: 576631.jpg
2025-07-22 20:50:07,990 - csv_importer - INFO - Inserted skipped image ID: 576632.jpg
2025-07-22 20:50:08,057 - csv_importer - INFO - Inserted skipped image ID: 576633.jpg
2025-07-22 20:50:08,122 - csv_importer - INFO - Inserted skipped image ID: 576634.jpg
2025-07-22 20:50:08,186 - csv_importer - INFO - Inserted skipped image ID: 576635.jpg
2025-07-22 20:50:08,255 - csv_importer - INFO - Inserted skipped image ID: 576636.jpg
2025-07-22 20:50:08,335 - csv_importer - INFO - Inserted skipped image ID: 576637.jpg
2025-07-22 20:50:08,397 - csv_importer - INFO - Inserted skipped image ID: 576638.jpg
2025-07-22 20:50:08,466 - csv_importer - INFO - Inserted skipped image ID: 576639.jpg
2025-07-22 20:50:08,535 - csv_importer - INFO - Inserted skipped image ID: 576640.jpg
2025-07-22 20:50:08,602 - csv_importer - INFO - Inserted skipped image ID: 576641.jpg
2025-07-22 20:50:08,664 - csv_importer - INFO - Inserted skipped image ID: 576642.jpg
2025-07-22 20:50:08,726 - csv_importer - INFO - Inserted skipped image ID: 576643.jpg
2025-07-22 20:50:08,788 - csv_importer - INFO - Inserted skipped image ID: 576644.jpg
2025-07-22 20:50:08,853 - csv_importer - INFO - Inserted skipped image ID: 576645.jpg
2025-07-22 20:50:08,915 - csv_importer - INFO - Inserted skipped image ID: 576646.jpg
2025-07-22 20:50:08,985 - csv_importer - INFO - Inserted skipped image ID: 576647.jpg
2025-07-22 20:50:09,051 - csv_importer - INFO - Inserted skipped image ID: 576648.jpg
2025-07-22 20:50:09,115 - csv_importer - INFO - Inserted skipped image ID: 576649.jpg
2025-07-22 20:50:09,177 - csv_importer - INFO - Inserted skipped image ID: 576650.jpg
2025-07-22 20:50:09,241 - csv_importer - INFO - Inserted skipped image ID: 576651.jpg
2025-07-22 20:50:09,303 - csv_importer - INFO - Inserted skipped image ID: 576652.jpg
2025-07-22 20:50:09,370 - csv_importer - INFO - Inserted skipped image ID: 576653.jpg
2025-07-22 20:50:09,434 - csv_importer - INFO - Inserted skipped image ID: 576654.jpg
2025-07-22 20:50:09,496 - csv_importer - INFO - Inserted skipped image ID: 576655.jpg
2025-07-22 20:50:09,559 - csv_importer - INFO - Inserted skipped image ID: 576656.jpg
2025-07-22 20:50:09,622 - csv_importer - INFO - Inserted skipped image ID: 578093.jpg
2025-07-22 20:50:09,682 - csv_importer - INFO - Inserted skipped image ID: 578094.jpg
2025-07-22 20:50:09,748 - csv_importer - INFO - Inserted skipped image ID: 578095.jpg
2025-07-22 20:50:09,809 - csv_importer - INFO - Inserted skipped image ID: 578121.jpg
2025-07-22 20:50:09,874 - csv_importer - INFO - Inserted skipped image ID: 578122.jpg
2025-07-22 20:50:09,941 - csv_importer - INFO - Inserted skipped image ID: 578123.jpg
2025-07-22 20:50:10,004 - csv_importer - INFO - Inserted skipped image ID: 578124.jpg
2025-07-22 20:50:10,072 - csv_importer - INFO - Inserted skipped image ID: 578125.jpg
2025-07-22 20:50:10,137 - csv_importer - INFO - Inserted skipped image ID: 578128.jpg
2025-07-22 20:50:10,200 - csv_importer - INFO - Inserted skipped image ID: 593831.jpg
2025-07-22 20:50:10,263 - csv_importer - INFO - Inserted skipped image ID: 593832.jpg
2025-07-22 20:50:10,329 - csv_importer - INFO - Inserted skipped image ID: 599719.jpg
2025-07-22 20:50:10,399 - csv_importer - INFO - Inserted skipped image ID: 606584.jpg
2025-07-22 20:50:10,464 - csv_importer - INFO - Inserted skipped image ID: 606585.jpg
2025-07-22 20:50:10,529 - csv_importer - INFO - Inserted skipped image ID: 606586.jpg
2025-07-22 20:50:10,594 - csv_importer - INFO - Inserted skipped image ID: 606587.jpg
2025-07-22 20:50:10,657 - csv_importer - INFO - Inserted skipped image ID: 606588.jpg
2025-07-22 20:50:10,721 - csv_importer - INFO - Inserted skipped image ID: 606589.jpg
2025-07-22 20:50:10,786 - csv_importer - INFO - Inserted skipped image ID: 606592.jpg
2025-07-22 20:50:10,854 - csv_importer - INFO - Inserted skipped image ID: 607758.jpg
2025-07-22 20:50:10,920 - csv_importer - INFO - Inserted skipped image ID: 607759.jpg
2025-07-22 20:50:10,986 - csv_importer - INFO - Inserted skipped image ID: 607760.jpg
2025-07-22 20:50:11,051 - csv_importer - INFO - Inserted skipped image ID: 607761.jpg
2025-07-22 20:50:11,117 - csv_importer - INFO - Inserted skipped image ID: 607762.jpg
2025-07-22 20:50:11,182 - csv_importer - INFO - Inserted skipped image ID: 607763.jpg
2025-07-22 20:50:11,244 - csv_importer - INFO - Inserted skipped image ID: 607765.jpg
2025-07-22 20:50:11,329 - csv_importer - INFO - Inserted skipped image ID: 607802.jpg
2025-07-22 20:50:11,404 - csv_importer - INFO - Inserted skipped image ID: 607803.jpg
2025-07-22 20:50:11,468 - csv_importer - INFO - Inserted skipped image ID: 607804.jpg
2025-07-22 20:50:11,531 - csv_importer - INFO - Inserted skipped image ID: 609126.jpg
2025-07-22 20:50:11,602 - csv_importer - INFO - Inserted skipped image ID: 609127.jpg
2025-07-22 20:50:11,667 - csv_importer - INFO - Inserted skipped image ID: 609129.jpg
2025-07-22 20:50:11,730 - csv_importer - INFO - Inserted skipped image ID: 611103.jpg
2025-07-22 20:50:11,802 - csv_importer - INFO - Inserted skipped image ID: 611104.jpg
2025-07-22 20:50:11,866 - csv_importer - INFO - Inserted skipped image ID: 611105.jpg
2025-07-22 20:50:11,932 - csv_importer - INFO - Inserted skipped image ID: 611106.jpg
2025-07-22 20:50:11,999 - csv_importer - INFO - Inserted skipped image ID: 611213.jpg
2025-07-22 20:50:12,061 - csv_importer - INFO - Inserted skipped image ID: 611214.jpg
2025-07-22 20:50:12,126 - csv_importer - INFO - Inserted skipped image ID: 611215.jpg
2025-07-22 20:50:12,191 - csv_importer - INFO - Inserted skipped image ID: 614148.jpg
2025-07-22 20:50:12,254 - csv_importer - INFO - Inserted skipped image ID: 614534.jpg
2025-07-22 20:50:12,321 - csv_importer - INFO - Inserted skipped image ID: 614851.jpg
2025-07-22 20:50:12,387 - csv_importer - INFO - Inserted skipped image ID: 616306.jpg
2025-07-22 20:50:12,457 - csv_importer - INFO - Inserted skipped image ID: 618166.jpg
2025-07-22 20:50:12,521 - csv_importer - INFO - Inserted skipped image ID: 618167.jpg
2025-07-22 20:50:12,585 - csv_importer - INFO - Inserted skipped image ID: 618168.jpg
2025-07-22 20:50:12,649 - csv_importer - INFO - Inserted skipped image ID: 618341.jpg
2025-07-22 20:50:12,716 - csv_importer - INFO - Inserted skipped image ID: 618704.jpg
2025-07-22 20:50:12,781 - csv_importer - INFO - Inserted skipped image ID: 618706.jpg
2025-07-22 20:50:12,844 - csv_importer - INFO - Inserted skipped image ID: 619691.jpg
2025-07-22 20:50:12,907 - csv_importer - INFO - Inserted skipped image ID: 619693.jpg
2025-07-22 20:50:12,979 - csv_importer - INFO - Inserted skipped image ID: 619694.jpg
2025-07-22 20:50:13,043 - csv_importer - INFO - Inserted skipped image ID: 619695.jpg
2025-07-22 20:50:13,107 - csv_importer - INFO - Inserted skipped image ID: 619699.jpg
2025-07-22 20:50:13,172 - csv_importer - INFO - Inserted skipped image ID: 620179.jpg
2025-07-22 20:50:13,235 - csv_importer - INFO - Inserted skipped image ID: 620180.jpg
2025-07-22 20:50:13,299 - csv_importer - INFO - Inserted skipped image ID: 620181.jpg
2025-07-22 20:50:13,362 - csv_importer - INFO - Inserted skipped image ID: 622768.jpg
2025-07-22 20:50:13,432 - csv_importer - INFO - Inserted skipped image ID: 622769.jpg
2025-07-22 20:50:13,499 - csv_importer - INFO - Inserted skipped image ID: 623058.jpg
2025-07-22 20:50:13,565 - csv_importer - INFO - Inserted skipped image ID: 623059.jpg
2025-07-22 20:50:13,626 - csv_importer - INFO - Inserted skipped image ID: 623060.jpg
2025-07-22 20:50:13,689 - csv_importer - INFO - Inserted skipped image ID: 623061.jpg
2025-07-22 20:50:13,757 - csv_importer - INFO - Inserted skipped image ID: 623062.jpg
2025-07-22 20:50:13,821 - csv_importer - INFO - Inserted skipped image ID: 623063.jpg
2025-07-22 20:50:13,884 - csv_importer - INFO - Inserted skipped image ID: 623064.jpg
2025-07-22 20:50:13,945 - csv_importer - INFO - Inserted skipped image ID: 623065.jpg
2025-07-22 20:50:14,008 - csv_importer - INFO - Inserted skipped image ID: 623067.jpg
2025-07-22 20:50:14,071 - csv_importer - INFO - Inserted skipped image ID: 623546.jpg
2025-07-22 20:50:14,134 - csv_importer - INFO - Inserted skipped image ID: 623547.jpg
2025-07-22 20:50:14,198 - csv_importer - INFO - Inserted skipped image ID: 623548.jpg
2025-07-22 20:50:14,262 - csv_importer - INFO - Inserted skipped image ID: 623549_200w (1).jpg.jpg
2025-07-22 20:50:14,324 - csv_importer - INFO - Inserted skipped image ID: 623550.jpg
2025-07-22 20:50:14,398 - csv_importer - INFO - Inserted skipped image ID: 623551.jpg
2025-07-22 20:50:14,467 - csv_importer - INFO - Inserted skipped image ID: 623552_200w (1).jpg.jpg
2025-07-22 20:50:14,532 - csv_importer - INFO - Inserted skipped image ID: 623553.jpg
2025-07-22 20:50:14,604 - csv_importer - INFO - Inserted skipped image ID: 623554_200w (1).jpg.jpg
2025-07-22 20:50:14,668 - csv_importer - INFO - Inserted skipped image ID: 623555.jpg
2025-07-22 20:50:14,731 - csv_importer - INFO - Inserted skipped image ID: 623556.jpg
2025-07-22 20:50:14,794 - csv_importer - INFO - Inserted skipped image ID: 623557.jpg
2025-07-22 20:50:14,858 - csv_importer - INFO - Inserted skipped image ID: 623558.jpg
2025-07-22 20:50:14,921 - csv_importer - INFO - Inserted skipped image ID: 623559.jpg
2025-07-22 20:50:14,991 - csv_importer - INFO - Inserted skipped image ID: 623561.jpg
2025-07-22 20:50:15,055 - csv_importer - INFO - Inserted skipped image ID: 624678.jpg
2025-07-22 20:50:15,119 - csv_importer - INFO - Inserted skipped image ID: 624705.jpg
2025-07-22 20:50:15,179 - csv_importer - INFO - Inserted skipped image ID: 624706.jpg
2025-07-22 20:50:15,241 - csv_importer - INFO - Inserted skipped image ID: 624707.jpg
2025-07-22 20:50:15,309 - csv_importer - INFO - Inserted skipped image ID: 624709.jpg
2025-07-22 20:50:15,373 - csv_importer - INFO - Inserted skipped image ID: 624710.jpg
2025-07-22 20:50:15,437 - csv_importer - INFO - Inserted skipped image ID: 624711.jpg
2025-07-22 20:50:15,504 - csv_importer - INFO - Inserted skipped image ID: 624714.jpg
2025-07-22 20:50:15,569 - csv_importer - INFO - Inserted skipped image ID: 624715.jpg
2025-07-22 20:50:15,632 - csv_importer - INFO - Inserted skipped image ID: 624716.jpg
2025-07-22 20:50:15,695 - csv_importer - INFO - Inserted skipped image ID: 624717.jpg
2025-07-22 20:50:15,760 - csv_importer - INFO - Inserted skipped image ID: 624721.jpg
2025-07-22 20:50:15,821 - csv_importer - INFO - Inserted skipped image ID: 624722.jpg
2025-07-22 20:50:15,882 - csv_importer - INFO - Inserted skipped image ID: 624739.jpg
2025-07-22 20:50:15,955 - csv_importer - INFO - Inserted skipped image ID: 624740.jpg
2025-07-22 20:50:16,024 - csv_importer - INFO - Inserted skipped image ID: 624742.jpg
2025-07-22 20:50:16,092 - csv_importer - INFO - Inserted skipped image ID: 624743.jpg
2025-07-22 20:50:16,156 - csv_importer - INFO - Inserted skipped image ID: 624745.jpg
2025-07-22 20:50:16,229 - csv_importer - INFO - Inserted skipped image ID: 624746.jpg
2025-07-22 20:50:16,296 - csv_importer - INFO - Inserted skipped image ID: 624749.jpg
2025-07-22 20:50:16,368 - csv_importer - INFO - Inserted skipped image ID: 624750.jpg
2025-07-22 20:50:16,432 - csv_importer - INFO - Inserted skipped image ID: 624751.jpg
2025-07-22 20:50:16,494 - csv_importer - INFO - Inserted skipped image ID: 624753.jpg
2025-07-22 20:50:16,561 - csv_importer - INFO - Inserted skipped image ID: 624758.jpg
2025-07-22 20:50:16,625 - csv_importer - INFO - Inserted skipped image ID: 624759.jpg
2025-07-22 20:50:16,692 - csv_importer - INFO - Inserted skipped image ID: 624906.jpg
2025-07-22 20:50:16,754 - csv_importer - INFO - Inserted skipped image ID: 625584.jpg
2025-07-22 20:50:16,817 - csv_importer - INFO - Inserted skipped image ID: 625876.jpg
2025-07-22 20:50:16,880 - csv_importer - INFO - Inserted skipped image ID: 625877.jpg
2025-07-22 20:50:16,941 - csv_importer - INFO - Inserted skipped image ID: 625989.jpg
2025-07-22 20:50:17,010 - csv_importer - INFO - Inserted skipped image ID: 626559.jpg
2025-07-22 20:50:17,074 - csv_importer - INFO - Inserted skipped image ID: 626562.jpg
2025-07-22 20:50:17,143 - csv_importer - INFO - Inserted skipped image ID: 626599.jpg
2025-07-22 20:50:17,208 - csv_importer - INFO - Inserted skipped image ID: 626604.jpg
2025-07-22 20:50:17,268 - csv_importer - INFO - Inserted skipped image ID: 626605.jpg
2025-07-22 20:50:17,335 - csv_importer - INFO - Inserted skipped image ID: 626611.jpg
2025-07-22 20:50:17,397 - csv_importer - INFO - Inserted skipped image ID: 626612.jpg
2025-07-22 20:50:17,463 - csv_importer - INFO - Inserted skipped image ID: 626630.jpg
2025-07-22 20:50:17,524 - csv_importer - INFO - Inserted skipped image ID: 626661.jpg
2025-07-22 20:50:17,588 - csv_importer - INFO - Inserted skipped image ID: 626662.jpg
2025-07-22 20:50:17,676 - csv_importer - INFO - Inserted skipped image ID: 626663.jpg
2025-07-22 20:50:17,749 - csv_importer - INFO - Inserted skipped image ID: 626664.jpg
2025-07-22 20:50:17,813 - csv_importer - INFO - Inserted skipped image ID: 626665.jpg
2025-07-22 20:50:17,878 - csv_importer - INFO - Inserted skipped image ID: 626666.jpg
2025-07-22 20:50:17,941 - csv_importer - INFO - Inserted skipped image ID: 626670.jpg
2025-07-22 20:50:18,009 - csv_importer - INFO - Inserted skipped image ID: 627669.jpg
2025-07-22 20:50:18,073 - csv_importer - INFO - Inserted skipped image ID: 627670.jpg
2025-07-22 20:50:18,136 - csv_importer - INFO - Inserted skipped image ID: 627671.jpg
2025-07-22 20:50:18,202 - csv_importer - INFO - Inserted skipped image ID: 627672.jpg
2025-07-22 20:50:18,268 - csv_importer - INFO - Inserted skipped image ID: 627674.jpg
2025-07-22 20:50:18,329 - csv_importer - INFO - Inserted skipped image ID: 627675.jpg
2025-07-22 20:50:18,393 - csv_importer - INFO - Inserted skipped image ID: 627676.jpg
2025-07-22 20:50:18,460 - csv_importer - INFO - Inserted skipped image ID: 627677.jpg
2025-07-22 20:50:18,525 - csv_importer - INFO - Inserted skipped image ID: 627678.jpg
2025-07-22 20:50:18,587 - csv_importer - INFO - Inserted skipped image ID: 627679.jpg
2025-07-22 20:50:18,650 - csv_importer - INFO - Inserted skipped image ID: 627680.jpg
2025-07-22 20:50:18,715 - csv_importer - INFO - Inserted skipped image ID: 627681.jpg
2025-07-22 20:50:18,777 - csv_importer - INFO - Inserted skipped image ID: 627689.jpg
2025-07-22 20:50:18,843 - csv_importer - INFO - Inserted skipped image ID: 627697.jpg
2025-07-22 20:50:18,917 - csv_importer - INFO - Inserted skipped image ID: 627698.jpg
2025-07-22 20:50:18,981 - csv_importer - INFO - Inserted skipped image ID: 627702.jpg
2025-07-22 20:50:19,047 - csv_importer - INFO - Inserted skipped image ID: 627709.jpg
2025-07-22 20:50:19,111 - csv_importer - INFO - Inserted skipped image ID: 627713.jpg
2025-07-22 20:50:19,173 - csv_importer - INFO - Inserted skipped image ID: 627714.jpg
2025-07-22 20:50:19,235 - csv_importer - INFO - Inserted skipped image ID: 627716.jpg
2025-07-22 20:50:19,296 - csv_importer - INFO - Inserted skipped image ID: 627717.jpg
2025-07-22 20:50:19,355 - csv_importer - INFO - Inserted skipped image ID: 627718.jpg
2025-07-22 20:50:19,421 - csv_importer - INFO - Inserted skipped image ID: 627719.jpg
2025-07-22 20:50:19,495 - csv_importer - INFO - Inserted skipped image ID: 627726.jpg
2025-07-22 20:50:19,559 - csv_importer - INFO - Inserted skipped image ID: 627727.jpg
2025-07-22 20:50:19,624 - csv_importer - INFO - Inserted skipped image ID: 627728.jpg
2025-07-22 20:50:19,689 - csv_importer - INFO - Inserted skipped image ID: 627733.jpg
2025-07-22 20:50:19,753 - csv_importer - INFO - Inserted skipped image ID: 627734.jpg
2025-07-22 20:50:19,817 - csv_importer - INFO - Inserted skipped image ID: 627735.jpg
2025-07-22 20:50:19,879 - csv_importer - INFO - Inserted skipped image ID: 627736.jpg
2025-07-22 20:50:19,941 - csv_importer - INFO - Inserted skipped image ID: 628094.jpg
2025-07-22 20:50:20,007 - csv_importer - INFO - Inserted skipped image ID: 628125.jpg
2025-07-22 20:50:20,081 - csv_importer - INFO - Inserted skipped image ID: 628278.jpg
2025-07-22 20:50:20,146 - csv_importer - INFO - Inserted skipped image ID: 628279.jpg
2025-07-22 20:50:20,213 - csv_importer - INFO - Inserted skipped image ID: 628280.jpg
2025-07-22 20:50:20,286 - csv_importer - INFO - Inserted skipped image ID: 628281.jpg
2025-07-22 20:50:20,353 - csv_importer - INFO - Inserted skipped image ID: 628284.jpg
2025-07-22 20:50:20,421 - csv_importer - INFO - Inserted skipped image ID: 628285.jpg
2025-07-22 20:50:20,502 - csv_importer - INFO - Inserted skipped image ID: 628315.jpg
2025-07-22 20:50:20,570 - csv_importer - INFO - Inserted skipped image ID: 628316.jpg
2025-07-22 20:50:20,633 - csv_importer - INFO - Inserted skipped image ID: 628319.jpg
2025-07-22 20:50:20,697 - csv_importer - INFO - Inserted skipped image ID: 628345.jpg
2025-07-22 20:50:20,761 - csv_importer - INFO - Inserted skipped image ID: 628346.jpg
2025-07-22 20:50:20,826 - csv_importer - INFO - Inserted skipped image ID: 628347.jpg
2025-07-22 20:50:20,889 - csv_importer - INFO - Inserted skipped image ID: 628348.jpg
2025-07-22 20:50:20,952 - csv_importer - INFO - Inserted skipped image ID: 628349.jpg
2025-07-22 20:50:21,015 - csv_importer - INFO - Inserted skipped image ID: 628395.jpg
2025-07-22 20:50:21,081 - csv_importer - INFO - Inserted skipped image ID: 628396.jpg
2025-07-22 20:50:21,143 - csv_importer - INFO - Inserted skipped image ID: 628398.jpg
2025-07-22 20:50:21,205 - csv_importer - INFO - Inserted skipped image ID: 628413.jpg
2025-07-22 20:50:21,276 - csv_importer - INFO - Inserted skipped image ID: 628428.jpg
2025-07-22 20:50:21,337 - csv_importer - INFO - Inserted skipped image ID: 628448.jpg
2025-07-22 20:50:21,405 - csv_importer - INFO - Inserted skipped image ID: 628449.jpg
2025-07-22 20:50:21,467 - csv_importer - INFO - Inserted skipped image ID: 628480.jpg
2025-07-22 20:50:21,541 - csv_importer - INFO - Inserted skipped image ID: 628481.jpg
2025-07-22 20:50:21,608 - csv_importer - INFO - Inserted skipped image ID: 628482.jpg
2025-07-22 20:50:21,673 - csv_importer - INFO - Inserted skipped image ID: 628483.jpg
2025-07-22 20:50:21,756 - csv_importer - INFO - Inserted skipped image ID: 628485.jpg
2025-07-22 20:50:21,820 - csv_importer - INFO - Inserted skipped image ID: 628490.jpg
2025-07-22 20:50:21,883 - csv_importer - INFO - Inserted skipped image ID: 628491.jpg
2025-07-22 20:50:21,945 - csv_importer - INFO - Inserted skipped image ID: 628492.jpg
2025-07-22 20:50:22,008 - csv_importer - INFO - Inserted skipped image ID: 628493.jpg
2025-07-22 20:50:22,070 - csv_importer - INFO - Inserted skipped image ID: 628494.jpg
2025-07-22 20:50:22,143 - csv_importer - INFO - Inserted skipped image ID: 628507.jpg
2025-07-22 20:50:22,213 - csv_importer - INFO - Inserted skipped image ID: 628512.jpg
2025-07-22 20:50:22,279 - csv_importer - INFO - Inserted skipped image ID: 628513.jpg
2025-07-22 20:50:22,345 - csv_importer - INFO - Inserted skipped image ID: 629197.jpg
2025-07-22 20:50:22,408 - csv_importer - INFO - Inserted skipped image ID: 629198.jpg
2025-07-22 20:50:22,473 - csv_importer - INFO - Inserted skipped image ID: 629568.jpg
2025-07-22 20:50:22,547 - csv_importer - INFO - Inserted skipped image ID: 629569.jpg
2025-07-22 20:50:22,610 - csv_importer - INFO - Inserted skipped image ID: 629647.jpg
2025-07-22 20:50:22,673 - csv_importer - INFO - Inserted skipped image ID: 629761.jpg
2025-07-22 20:50:22,739 - csv_importer - INFO - Inserted skipped image ID: 629809.jpg
2025-07-22 20:50:22,801 - csv_importer - INFO - Inserted skipped image ID: 630012.jpg
2025-07-22 20:50:22,867 - csv_importer - INFO - Inserted skipped image ID: 630093.jpg
2025-07-22 20:50:22,928 - csv_importer - INFO - Inserted skipped image ID: 630429.jpg
2025-07-22 20:50:22,994 - csv_importer - INFO - Inserted skipped image ID: 630430.jpg
2025-07-22 20:50:23,057 - csv_importer - INFO - Inserted skipped image ID: 630431.jpg
2025-07-22 20:50:23,126 - csv_importer - INFO - Inserted skipped image ID: 630432.jpg
2025-07-22 20:50:23,190 - csv_importer - INFO - Inserted skipped image ID: 630433.jpg
2025-07-22 20:50:23,253 - csv_importer - INFO - Inserted skipped image ID: 630434.jpg
2025-07-22 20:50:23,317 - csv_importer - INFO - Inserted skipped image ID: 630438.jpg
2025-07-22 20:50:23,382 - csv_importer - INFO - Inserted skipped image ID: 630439.jpg
2025-07-22 20:50:23,446 - csv_importer - INFO - Inserted skipped image ID: 630440.jpg
2025-07-22 20:50:23,510 - csv_importer - INFO - Inserted skipped image ID: 630441.jpg
2025-07-22 20:50:23,574 - csv_importer - INFO - Inserted skipped image ID: 630442.jpg
2025-07-22 20:50:23,641 - csv_importer - INFO - Inserted skipped image ID: 630443.jpg
2025-07-22 20:50:23,707 - csv_importer - INFO - Inserted skipped image ID: 630444.jpg
2025-07-22 20:50:23,773 - csv_importer - INFO - Inserted skipped image ID: 630445.jpg
2025-07-22 20:50:23,839 - csv_importer - INFO - Inserted skipped image ID: 630446.jpg
2025-07-22 20:50:23,903 - csv_importer - INFO - Inserted skipped image ID: 630447.jpg
2025-07-22 20:50:23,970 - csv_importer - INFO - Inserted skipped image ID: 630612.jpg
2025-07-22 20:50:24,032 - csv_importer - INFO - Inserted skipped image ID: 630613.jpg
2025-07-22 20:50:24,094 - csv_importer - INFO - Inserted skipped image ID: 630614.jpg
2025-07-22 20:50:24,157 - csv_importer - INFO - Inserted skipped image ID: 630615.jpg
2025-07-22 20:50:24,224 - csv_importer - INFO - Inserted skipped image ID: 630686.jpg
2025-07-22 20:50:24,290 - csv_importer - INFO - Inserted skipped image ID: 630687.jpg
2025-07-22 20:50:24,354 - csv_importer - INFO - Inserted skipped image ID: 630688.jpg
2025-07-22 20:50:24,419 - csv_importer - INFO - Inserted skipped image ID: 630689.jpg
2025-07-22 20:50:24,479 - csv_importer - INFO - Inserted skipped image ID: 630690.jpg
2025-07-22 20:50:24,544 - csv_importer - INFO - Inserted skipped image ID: 630691.jpg
2025-07-22 20:50:24,611 - csv_importer - INFO - Inserted skipped image ID: 630693.jpg
2025-07-22 20:50:24,674 - csv_importer - INFO - Inserted skipped image ID: 630694.jpg
2025-07-22 20:50:24,737 - csv_importer - INFO - Inserted skipped image ID: 630695.jpg
2025-07-22 20:50:24,802 - csv_importer - INFO - Inserted skipped image ID: 630696.jpg
2025-07-22 20:50:24,865 - csv_importer - INFO - Inserted skipped image ID: 630697.jpg
2025-07-22 20:50:24,931 - csv_importer - INFO - Inserted skipped image ID: 630698.jpg
2025-07-22 20:50:24,992 - csv_importer - INFO - Inserted skipped image ID: 630699.jpg
2025-07-22 20:50:25,053 - csv_importer - INFO - Inserted skipped image ID: 630700.jpg
2025-07-22 20:50:25,121 - csv_importer - INFO - Inserted skipped image ID: 630831.jpg
2025-07-22 20:50:25,184 - csv_importer - INFO - Inserted skipped image ID: 631564.jpg
2025-07-22 20:50:25,253 - csv_importer - INFO - Inserted skipped image ID: 631603.jpg
2025-07-22 20:50:25,317 - csv_importer - INFO - Inserted skipped image ID: 631605.jpg
2025-07-22 20:50:25,381 - csv_importer - INFO - Inserted skipped image ID: 631773.jpg
2025-07-22 20:50:25,445 - csv_importer - INFO - Inserted skipped image ID: 631893.jpg
2025-07-22 20:50:25,511 - csv_importer - INFO - Inserted skipped image ID: 631994.jpg
2025-07-22 20:50:25,576 - csv_importer - INFO - Inserted skipped image ID: 631999.jpg
2025-07-22 20:50:25,639 - csv_importer - INFO - Inserted skipped image ID: 632009.jpg
2025-07-22 20:50:25,702 - csv_importer - INFO - Inserted skipped image ID: 632010.jpg
2025-07-22 20:50:25,775 - csv_importer - INFO - Inserted skipped image ID: 632011.jpg
2025-07-22 20:50:25,837 - csv_importer - INFO - Inserted skipped image ID: 632012.jpg
2025-07-22 20:50:25,901 - csv_importer - INFO - Inserted skipped image ID: 632013.jpg
2025-07-22 20:50:25,962 - csv_importer - INFO - Inserted skipped image ID: 632014.jpg
2025-07-22 20:50:26,028 - csv_importer - INFO - Inserted skipped image ID: 632015.jpg
2025-07-22 20:50:26,091 - csv_importer - INFO - Inserted skipped image ID: 632016.jpg
2025-07-22 20:50:26,155 - csv_importer - INFO - Inserted skipped image ID: 632017.jpg
2025-07-22 20:50:26,227 - csv_importer - INFO - Inserted skipped image ID: 632018.jpg
2025-07-22 20:50:26,288 - csv_importer - INFO - Inserted skipped image ID: 632019.jpg
2025-07-22 20:50:26,354 - csv_importer - INFO - Inserted skipped image ID: 632020.jpg
2025-07-22 20:50:26,416 - csv_importer - INFO - Inserted skipped image ID: 632021.jpg
2025-07-22 20:50:26,478 - csv_importer - INFO - Inserted skipped image ID: 632023.jpg
2025-07-22 20:50:26,546 - csv_importer - INFO - Inserted skipped image ID: 632025.jpg
2025-07-22 20:50:26,609 - csv_importer - INFO - Inserted skipped image ID: 632027.jpg
2025-07-22 20:50:26,672 - csv_importer - INFO - Inserted skipped image ID: 632028.jpg
2025-07-22 20:50:26,745 - csv_importer - INFO - Inserted skipped image ID: 632029.jpg
2025-07-22 20:50:26,817 - csv_importer - INFO - Inserted skipped image ID: 632031.jpg
2025-07-22 20:50:26,883 - csv_importer - INFO - Inserted skipped image ID: 632032.jpg
2025-07-22 20:50:26,949 - csv_importer - INFO - Inserted skipped image ID: 632040.jpg
2025-07-22 20:50:27,005 - csv_importer - INFO - Inserted skipped image ID: 632042.jpg
2025-07-22 20:50:27,070 - csv_importer - INFO - Inserted skipped image ID: 632044.jpg
2025-07-22 20:50:27,135 - csv_importer - INFO - Inserted skipped image ID: 632047.jpg
2025-07-22 20:50:27,196 - csv_importer - INFO - Inserted skipped image ID: 632079.jpg
2025-07-22 20:50:27,259 - csv_importer - INFO - Inserted skipped image ID: 632080.jpg
2025-07-22 20:50:27,323 - csv_importer - INFO - Inserted skipped image ID: 632081.jpg
2025-07-22 20:50:27,387 - csv_importer - INFO - Inserted skipped image ID: 632082.jpg
2025-07-22 20:50:27,446 - csv_importer - INFO - Inserted skipped image ID: 632163.jpg
2025-07-22 20:50:27,511 - csv_importer - INFO - Inserted skipped image ID: 632164.jpg
2025-07-22 20:50:27,576 - csv_importer - INFO - Inserted skipped image ID: 632165.jpg
2025-07-22 20:50:27,640 - csv_importer - INFO - Inserted skipped image ID: 632250.jpg
2025-07-22 20:50:27,703 - csv_importer - INFO - Inserted skipped image ID: 632691.jpg
2025-07-22 20:50:27,770 - csv_importer - INFO - Inserted skipped image ID: 632692.jpg
2025-07-22 20:50:27,832 - csv_importer - INFO - Inserted skipped image ID: 632693.jpg
2025-07-22 20:50:27,898 - csv_importer - INFO - Inserted skipped image ID: 632695.jpg
2025-07-22 20:50:27,963 - csv_importer - INFO - Inserted skipped image ID: 633045.jpg
2025-07-22 20:50:28,025 - csv_importer - INFO - Inserted skipped image ID: 633046.jpg
2025-07-22 20:50:28,091 - csv_importer - INFO - Inserted skipped image ID: 633081.jpg
2025-07-22 20:50:28,154 - csv_importer - INFO - Inserted skipped image ID: 633082.jpg
2025-07-22 20:50:28,218 - csv_importer - INFO - Inserted skipped image ID: 633083.jpg
2025-07-22 20:50:28,284 - csv_importer - INFO - Inserted skipped image ID: 633105.jpg
2025-07-22 20:50:28,352 - csv_importer - INFO - Inserted skipped image ID: 633106.jpg
2025-07-22 20:50:28,417 - csv_importer - INFO - Inserted skipped image ID: 633151.jpg
2025-07-22 20:50:28,484 - csv_importer - INFO - Inserted skipped image ID: 633152.jpg
2025-07-22 20:50:28,544 - csv_importer - INFO - Inserted skipped image ID: 633167.jpg
2025-07-22 20:50:28,608 - csv_importer - INFO - Inserted skipped image ID: 633169.jpg
2025-07-22 20:50:28,679 - csv_importer - INFO - Inserted skipped image ID: 633386.jpg
2025-07-22 20:50:28,744 - csv_importer - INFO - Inserted skipped image ID: 633387.jpg
2025-07-22 20:50:28,811 - csv_importer - INFO - Inserted skipped image ID: 633388.jpg
2025-07-22 20:50:28,874 - csv_importer - INFO - Inserted skipped image ID: 633389.jpg
2025-07-22 20:50:28,938 - csv_importer - INFO - Inserted skipped image ID: 634266.jpg
2025-07-22 20:50:29,004 - csv_importer - INFO - Inserted skipped image ID: 634267.jpg
2025-07-22 20:50:29,069 - csv_importer - INFO - Inserted skipped image ID: 634268.jpg
2025-07-22 20:50:29,137 - csv_importer - INFO - Inserted skipped image ID: 634328.jpg
2025-07-22 20:50:29,201 - csv_importer - INFO - Inserted skipped image ID: 634329.jpg
2025-07-22 20:50:29,267 - csv_importer - INFO - Inserted skipped image ID: 634331.jpg
2025-07-22 20:50:29,335 - csv_importer - INFO - Inserted skipped image ID: 634332.jpg
2025-07-22 20:50:29,397 - csv_importer - INFO - Inserted skipped image ID: 634383.jpg
2025-07-22 20:50:29,463 - csv_importer - INFO - Inserted skipped image ID: 634445.jpg
2025-07-22 20:50:29,525 - csv_importer - INFO - Inserted skipped image ID: 634607.jpg
2025-07-22 20:50:29,591 - csv_importer - INFO - Inserted skipped image ID: 634957.jpg
2025-07-22 20:50:29,654 - csv_importer - INFO - Inserted skipped image ID: 635053.jpg
2025-07-22 20:50:29,719 - csv_importer - INFO - Inserted skipped image ID: 635323.jpg
2025-07-22 20:50:29,784 - csv_importer - INFO - Inserted skipped image ID: 635482.jpg
2025-07-22 20:50:29,849 - csv_importer - INFO - Inserted skipped image ID: 635621.jpg
2025-07-22 20:50:29,914 - csv_importer - INFO - Inserted skipped image ID: 635742.jpg
2025-07-22 20:50:30,159 - csv_importer - INFO - Inserted skipped image ID: 635743.jpg
2025-07-22 20:50:30,233 - csv_importer - INFO - Inserted skipped image ID: 635744.jpg
2025-07-22 20:50:30,299 - csv_importer - INFO - Inserted skipped image ID: 636164.jpg
2025-07-22 20:50:30,362 - csv_importer - INFO - Inserted skipped image ID: 636299.jpg
2025-07-22 20:50:30,426 - csv_importer - INFO - Inserted skipped image ID: 636300.jpg
2025-07-22 20:50:30,498 - csv_importer - INFO - Inserted skipped image ID: 636301.jpg
2025-07-22 20:50:30,560 - csv_importer - INFO - Inserted skipped image ID: 636302.jpg
2025-07-22 20:50:30,636 - csv_importer - INFO - Inserted skipped image ID: 636303.jpg
2025-07-22 20:50:30,703 - csv_importer - INFO - Inserted skipped image ID: 636304.jpg
2025-07-22 20:50:30,765 - csv_importer - INFO - Inserted skipped image ID: 636315.jpg
2025-07-22 20:50:30,831 - csv_importer - INFO - Inserted skipped image ID: 636316.jpg
2025-07-22 20:50:30,894 - csv_importer - INFO - Inserted skipped image ID: 636324.jpg
2025-07-22 20:50:30,958 - csv_importer - INFO - Inserted skipped image ID: 636327.jpg
2025-07-22 20:50:31,024 - csv_importer - INFO - Inserted skipped image ID: 636331.jpg
2025-07-22 20:50:31,087 - csv_importer - INFO - Inserted skipped image ID: 636332.jpg
2025-07-22 20:50:31,150 - csv_importer - INFO - Inserted skipped image ID: 636531.jpg
2025-07-22 20:50:31,217 - csv_importer - INFO - Inserted skipped image ID: 636532.jpg
2025-07-22 20:50:31,283 - csv_importer - INFO - Inserted skipped image ID: 636711.jpg.jpg
2025-07-22 20:50:31,346 - csv_importer - INFO - Inserted skipped image ID: 636736.jpg
2025-07-22 20:50:31,408 - csv_importer - INFO - Inserted skipped image ID: 636737.jpg
2025-07-22 20:50:31,474 - csv_importer - INFO - Inserted skipped image ID: 636738.jpg
2025-07-22 20:50:31,539 - csv_importer - INFO - Inserted skipped image ID: 636739.jpg
2025-07-22 20:50:31,607 - csv_importer - INFO - Inserted skipped image ID: 636740.jpg
2025-07-22 20:50:31,671 - csv_importer - INFO - Inserted skipped image ID: 636743.jpg
2025-07-22 20:50:31,742 - csv_importer - INFO - Inserted skipped image ID: 637381.jpg
2025-07-22 20:50:31,808 - csv_importer - INFO - Inserted skipped image ID: 637382.jpg
2025-07-22 20:50:31,876 - csv_importer - INFO - Inserted skipped image ID: 637384.jpg
2025-07-22 20:50:31,983 - csv_importer - INFO - Inserted skipped image ID: 637386.jpg
2025-07-22 20:50:32,085 - csv_importer - INFO - Inserted skipped image ID: 637417.jpg
2025-07-22 20:50:32,159 - csv_importer - INFO - Inserted skipped image ID: 637445.jpg
2025-07-22 20:50:32,229 - csv_importer - INFO - Inserted skipped image ID: 637461.jpg
2025-07-22 20:50:32,297 - csv_importer - INFO - Inserted skipped image ID: 637462.jpg
2025-07-22 20:50:32,361 - csv_importer - INFO - Inserted skipped image ID: 637463.jpg
2025-07-22 20:50:32,425 - csv_importer - INFO - Inserted skipped image ID: 637464.jpg
2025-07-22 20:50:32,502 - csv_importer - INFO - Inserted skipped image ID: 637466.jpg
2025-07-22 20:50:32,588 - csv_importer - INFO - Inserted skipped image ID: 637467.jpg
2025-07-22 20:50:32,653 - csv_importer - INFO - Inserted skipped image ID: 637468.jpg
2025-07-22 20:50:32,716 - csv_importer - INFO - Inserted skipped image ID: 637469.jpg
2025-07-22 20:50:32,782 - csv_importer - INFO - Inserted skipped image ID: 637470.jpg
2025-07-22 20:50:32,844 - csv_importer - INFO - Inserted skipped image ID: 637471.jpg
2025-07-22 20:50:32,908 - csv_importer - INFO - Inserted skipped image ID: 637472.jpg
2025-07-22 20:50:32,968 - csv_importer - INFO - Inserted skipped image ID: 637473.jpg
2025-07-22 20:50:33,033 - csv_importer - INFO - Inserted skipped image ID: 637474.jpg
2025-07-22 20:50:33,093 - csv_importer - INFO - Inserted skipped image ID: 637475.jpg
2025-07-22 20:50:33,155 - csv_importer - INFO - Inserted skipped image ID: 637476.jpg
2025-07-22 20:50:33,215 - csv_importer - INFO - Inserted skipped image ID: 637477.jpg
2025-07-22 20:50:33,285 - csv_importer - INFO - Inserted skipped image ID: 637512.jpg
2025-07-22 20:50:33,348 - csv_importer - INFO - Inserted skipped image ID: 637609.jpg
2025-07-22 20:50:33,413 - csv_importer - INFO - Inserted skipped image ID: 637633.jpg
2025-07-22 20:50:33,476 - csv_importer - INFO - Inserted skipped image ID: 637634.jpg
2025-07-22 20:50:33,539 - csv_importer - INFO - Inserted skipped image ID: 637636.jpg
2025-07-22 20:50:33,603 - csv_importer - INFO - Inserted skipped image ID: 637642.jpg
2025-07-22 20:50:33,665 - csv_importer - INFO - Inserted skipped image ID: 637643.jpg
2025-07-22 20:50:33,727 - csv_importer - INFO - Inserted skipped image ID: 637653.jpg
2025-07-22 20:50:33,791 - csv_importer - INFO - Inserted skipped image ID: 637654.jpg
2025-07-22 20:50:33,854 - csv_importer - INFO - Inserted skipped image ID: 637655.jpg
2025-07-22 20:50:33,917 - csv_importer - INFO - Inserted skipped image ID: 637656.jpg
2025-07-22 20:50:33,980 - csv_importer - INFO - Inserted skipped image ID: 637663.jpg
2025-07-22 20:50:34,052 - csv_importer - INFO - Inserted skipped image ID: 637676.jpg
2025-07-22 20:50:34,118 - csv_importer - INFO - Inserted skipped image ID: 637677.jpg
2025-07-22 20:50:34,184 - csv_importer - INFO - Inserted skipped image ID: 637678.jpg
2025-07-22 20:50:34,256 - csv_importer - INFO - Inserted skipped image ID: 637679.jpg
2025-07-22 20:50:34,321 - csv_importer - INFO - Inserted skipped image ID: 637680.jpg
2025-07-22 20:50:34,382 - csv_importer - INFO - Inserted skipped image ID: 637681.jpg
2025-07-22 20:50:34,446 - csv_importer - INFO - Inserted skipped image ID: 637682.jpg
2025-07-22 20:50:34,519 - csv_importer - INFO - Inserted skipped image ID: 637683.jpg
2025-07-22 20:50:34,581 - csv_importer - INFO - Inserted skipped image ID: 637990.jpg
2025-07-22 20:50:34,647 - csv_importer - INFO - Inserted skipped image ID: 637991.jpg
2025-07-22 20:50:34,716 - csv_importer - INFO - Inserted skipped image ID: 637995.jpg
2025-07-22 20:50:34,779 - csv_importer - INFO - Inserted skipped image ID: 638076.jpg
2025-07-22 20:50:34,845 - csv_importer - INFO - Inserted skipped image ID: 638084.jpg
2025-07-22 20:50:34,912 - csv_importer - INFO - Inserted skipped image ID: 638088.jpg
2025-07-22 20:50:34,984 - csv_importer - INFO - Inserted skipped image ID: 638089.jpg
2025-07-22 20:50:35,054 - csv_importer - INFO - Inserted skipped image ID: 638095.jpg
2025-07-22 20:50:35,117 - csv_importer - INFO - Inserted skipped image ID: 638096.jpg
2025-07-22 20:50:35,183 - csv_importer - INFO - Inserted skipped image ID: 638097.jpg
2025-07-22 20:50:35,245 - csv_importer - INFO - Inserted skipped image ID: 638805.jpg
2025-07-22 20:50:35,313 - csv_importer - INFO - Inserted skipped image ID: 638814.jpg
2025-07-22 20:50:35,381 - csv_importer - INFO - Inserted skipped image ID: 638883.jpg
2025-07-22 20:50:35,442 - csv_importer - INFO - Inserted skipped image ID: 638934.jpg
2025-07-22 20:50:35,504 - csv_importer - INFO - Inserted skipped image ID: 639457.jpg
2025-07-22 20:50:35,568 - csv_importer - INFO - Inserted skipped image ID: 639458.jpg
2025-07-22 20:50:35,635 - csv_importer - INFO - Inserted skipped image ID: 639459.jpg
2025-07-22 20:50:35,700 - csv_importer - INFO - Inserted skipped image ID: 639464.jpg
2025-07-22 20:50:35,762 - csv_importer - INFO - Inserted skipped image ID: 639655.jpg
2025-07-22 20:50:35,829 - csv_importer - INFO - Inserted skipped image ID: 639656.jpg
2025-07-22 20:50:35,895 - csv_importer - INFO - Inserted skipped image ID: 639657.jpg
2025-07-22 20:50:35,961 - csv_importer - INFO - Inserted skipped image ID: 639664.jpg
2025-07-22 20:50:36,027 - csv_importer - INFO - Inserted skipped image ID: 639665.jpg
2025-07-22 20:50:36,089 - csv_importer - INFO - Inserted skipped image ID: 639667.jpg
2025-07-22 20:50:36,155 - csv_importer - INFO - Inserted skipped image ID: 639669.jpg
2025-07-22 20:50:36,224 - csv_importer - INFO - Inserted skipped image ID: 639670.jpg
2025-07-22 20:50:36,289 - csv_importer - INFO - Inserted skipped image ID: 639672.jpg
2025-07-22 20:50:36,362 - csv_importer - INFO - Inserted skipped image ID: 639713.jpg
2025-07-22 20:50:36,429 - csv_importer - INFO - Inserted skipped image ID: 639828.jpg
2025-07-22 20:50:36,493 - csv_importer - INFO - Inserted skipped image ID: 639908.jpg
2025-07-22 20:50:36,560 - csv_importer - INFO - Inserted skipped image ID: 639950.jpg
2025-07-22 20:50:36,636 - csv_importer - INFO - Inserted skipped image ID: 641117.jpg
2025-07-22 20:50:36,698 - csv_importer - INFO - Inserted skipped image ID: 641167.jpg
2025-07-22 20:50:36,768 - csv_importer - INFO - Inserted skipped image ID: 641169.jpg
2025-07-22 20:50:36,831 - csv_importer - INFO - Inserted skipped image ID: 641176.jpg
2025-07-22 20:50:36,894 - csv_importer - INFO - Inserted skipped image ID: 641217.jpg
2025-07-22 20:50:36,957 - csv_importer - INFO - Inserted skipped image ID: 641434.jpg
2025-07-22 20:50:37,019 - csv_importer - INFO - Inserted skipped image ID: 641435.jpg
2025-07-22 20:50:37,081 - csv_importer - INFO - Inserted skipped image ID: 641599.jpg
2025-07-22 20:50:37,144 - csv_importer - INFO - Inserted skipped image ID: 641677.jpg
2025-07-22 20:50:37,206 - csv_importer - INFO - Inserted skipped image ID: 641679.jpg
2025-07-22 20:50:37,270 - csv_importer - INFO - Inserted skipped image ID: 641681.jpg
2025-07-22 20:50:37,337 - csv_importer - INFO - Inserted skipped image ID: 641688.jpg
2025-07-22 20:50:37,400 - csv_importer - INFO - Inserted skipped image ID: 641710.jpg
2025-07-22 20:50:37,476 - csv_importer - INFO - Inserted skipped image ID: 641711.jpg
2025-07-22 20:50:37,537 - csv_importer - INFO - Inserted skipped image ID: 641712.jpg
2025-07-22 20:50:37,597 - csv_importer - INFO - Inserted skipped image ID: 641713.jpg
2025-07-22 20:50:37,657 - csv_importer - INFO - Inserted skipped image ID: 641714.jpg
2025-07-22 20:50:37,720 - csv_importer - INFO - Inserted skipped image ID: 641715.jpg
2025-07-22 20:50:37,789 - csv_importer - INFO - Inserted skipped image ID: 641955.jpg
2025-07-22 20:50:37,853 - csv_importer - INFO - Inserted skipped image ID: 642798.jpg
2025-07-22 20:50:37,915 - csv_importer - INFO - Inserted skipped image ID: 642799.jpg
2025-07-22 20:50:37,977 - csv_importer - INFO - Inserted skipped image ID: 642800.jpg
2025-07-22 20:50:38,043 - csv_importer - INFO - Inserted skipped image ID: 642820.jpg
2025-07-22 20:50:38,108 - csv_importer - INFO - Inserted skipped image ID: 643129.jpg
2025-07-22 20:50:38,174 - csv_importer - INFO - Inserted skipped image ID: 643132.jpg
2025-07-22 20:50:38,236 - csv_importer - INFO - Inserted skipped image ID: 643133.jpg
2025-07-22 20:50:38,300 - csv_importer - INFO - Inserted skipped image ID: 643134.jpg
2025-07-22 20:50:38,362 - csv_importer - INFO - Inserted skipped image ID: 643135.jpg
2025-07-22 20:50:38,425 - csv_importer - INFO - Inserted skipped image ID: 643136.jpg
2025-07-22 20:50:38,494 - csv_importer - INFO - Inserted skipped image ID: 643137.jpg
2025-07-22 20:50:38,559 - csv_importer - INFO - Inserted skipped image ID: 643138.jpg
2025-07-22 20:50:38,623 - csv_importer - INFO - Inserted skipped image ID: 643139.jpg
2025-07-22 20:50:38,686 - csv_importer - INFO - Inserted skipped image ID: 643140.jpg
2025-07-22 20:50:38,749 - csv_importer - INFO - Inserted skipped image ID: 643141.jpg
2025-07-22 20:50:38,812 - csv_importer - INFO - Inserted skipped image ID: 643142.jpg
2025-07-22 20:50:38,875 - csv_importer - INFO - Inserted skipped image ID: 643143.jpg
2025-07-22 20:50:38,954 - csv_importer - INFO - Inserted skipped image ID: 643144.jpg
2025-07-22 20:53:00,880 - csv_importer - INFO - Inserted skipped image ID: 689034.jpg
2025-07-22 20:53:00,944 - csv_importer - INFO - Inserted skipped image ID: 85246.jpg
2025-07-22 20:53:01,005 - csv_importer - INFO - Inserted skipped image ID: 85247.jpg
2025-07-22 20:53:01,068 - csv_importer - INFO - Inserted skipped image ID: 85248.jpg
2025-07-22 20:53:01,132 - csv_importer - INFO - Inserted skipped image ID: 85250.jpg
2025-07-22 20:53:01,197 - csv_importer - INFO - Inserted skipped image ID: 85251.jpg
2025-07-22 20:53:01,270 - csv_importer - INFO - Inserted skipped image ID: 158116.jpg
2025-07-22 20:53:01,329 - csv_importer - INFO - Inserted skipped image ID: 158118.jpg
2025-07-22 20:53:01,388 - csv_importer - INFO - Inserted skipped image ID: 158122.jpg
2025-07-22 20:53:01,449 - csv_importer - INFO - Inserted skipped image ID: 191833.jpg
2025-07-22 20:53:01,512 - csv_importer - INFO - Inserted skipped image ID: 192033.jpg
2025-07-22 20:53:01,580 - csv_importer - INFO - Inserted skipped image ID: 192035.jpg
2025-07-22 20:53:01,643 - csv_importer - INFO - Inserted skipped image ID: 213315.jpg
2025-07-22 20:53:01,707 - csv_importer - INFO - Inserted skipped image ID: 213317.jpg
2025-07-22 20:53:01,775 - csv_importer - INFO - Inserted skipped image ID: 213318.jpg
2025-07-22 20:53:01,837 - csv_importer - INFO - Inserted skipped image ID: 225206.jpg
2025-07-22 20:53:01,900 - csv_importer - INFO - Inserted skipped image ID: 225357.jpg
2025-07-22 20:53:01,963 - csv_importer - INFO - Inserted skipped image ID: 231743.jpg
2025-07-22 20:53:02,024 - csv_importer - INFO - Inserted skipped image ID: 232267.jpg
2025-07-22 20:53:02,087 - csv_importer - INFO - Inserted skipped image ID: 235554.jpg
2025-07-22 20:53:02,150 - csv_importer - INFO - Inserted skipped image ID: 235677.jpg
2025-07-22 20:53:02,210 - csv_importer - INFO - Inserted skipped image ID: 235678.jpg
2025-07-22 20:53:02,273 - csv_importer - INFO - Inserted skipped image ID: 235706.jpg
2025-07-22 20:53:02,338 - csv_importer - INFO - Inserted skipped image ID: 236054.jpg
2025-07-22 20:53:02,398 - csv_importer - INFO - Inserted skipped image ID: 238453.jpg
2025-07-22 20:53:02,460 - csv_importer - INFO - Inserted skipped image ID: 238454.jpg
2025-07-22 20:53:02,521 - csv_importer - INFO - Inserted skipped image ID: 241073.jpg
2025-07-22 20:53:02,583 - csv_importer - INFO - Inserted skipped image ID: 241535.jpg
2025-07-22 20:53:02,646 - csv_importer - INFO - Inserted skipped image ID: 244579.jpg
2025-07-22 20:53:02,709 - csv_importer - INFO - Inserted skipped image ID: 244637.jpg
2025-07-22 20:53:02,779 - csv_importer - INFO - Inserted skipped image ID: 247270.jpg
2025-07-22 20:53:02,841 - csv_importer - INFO - Inserted skipped image ID: 249177.jpg
2025-07-22 20:53:02,902 - csv_importer - INFO - Inserted skipped image ID: 249208.jpg
2025-07-22 20:53:02,967 - csv_importer - INFO - Inserted skipped image ID: 249244.jpg
2025-07-22 20:53:03,029 - csv_importer - INFO - Inserted skipped image ID: 255204.jpg
2025-07-22 20:53:03,093 - csv_importer - INFO - Inserted skipped image ID: 262160.jpg
2025-07-22 20:53:03,158 - csv_importer - INFO - Inserted skipped image ID: 264954.jpg
2025-07-22 20:53:03,226 - csv_importer - INFO - Inserted skipped image ID: 265470.jpg
2025-07-22 20:53:03,287 - csv_importer - INFO - Inserted skipped image ID: 265471.jpg
2025-07-22 20:53:03,347 - csv_importer - INFO - Inserted skipped image ID: 265472.jpg
2025-07-22 20:53:03,411 - csv_importer - INFO - Inserted skipped image ID: 265475.jpg
2025-07-22 20:53:03,473 - csv_importer - INFO - Inserted skipped image ID: 267694.jpg
2025-07-22 20:53:03,536 - csv_importer - INFO - Inserted skipped image ID: 267697.jpg
2025-07-22 20:53:03,599 - csv_importer - INFO - Inserted skipped image ID: 267698.jpg
2025-07-22 20:53:03,663 - csv_importer - INFO - Inserted skipped image ID: 270560.jpg
2025-07-22 20:53:03,727 - csv_importer - INFO - Inserted skipped image ID: 271441.jpg
2025-07-22 20:53:03,794 - csv_importer - INFO - Inserted skipped image ID: 275749.jpg
2025-07-22 20:53:03,855 - csv_importer - INFO - Inserted skipped image ID: 275750.jpg
2025-07-22 20:53:03,924 - csv_importer - INFO - Inserted skipped image ID: 275751.jpg
2025-07-22 20:53:03,986 - csv_importer - INFO - Inserted skipped image ID: 275752.jpg
2025-07-22 20:53:04,048 - csv_importer - INFO - Inserted skipped image ID: 275753.jpg
2025-07-22 20:53:04,112 - csv_importer - INFO - Inserted skipped image ID: 310632.jpg
2025-07-22 20:53:04,172 - csv_importer - INFO - Inserted skipped image ID: 317805.jpg
2025-07-22 20:53:04,236 - csv_importer - INFO - Inserted skipped image ID: 317835.jpg
2025-07-22 20:53:04,301 - csv_importer - INFO - Inserted skipped image ID: 320578.jpg
2025-07-22 20:53:04,365 - csv_importer - INFO - Inserted skipped image ID: 333892.jpg
2025-07-22 20:53:04,428 - csv_importer - INFO - Inserted skipped image ID: 334342.jpg
2025-07-22 20:53:04,491 - csv_importer - INFO - Inserted skipped image ID: 336412.jpg
2025-07-22 20:53:04,563 - csv_importer - INFO - Inserted skipped image ID: 337488.jpg
2025-07-22 20:53:04,626 - csv_importer - INFO - Inserted skipped image ID: 339094.jpg
2025-07-22 20:53:04,693 - csv_importer - INFO - Inserted skipped image ID: 339443.jpg
2025-07-22 20:53:04,758 - csv_importer - INFO - Inserted skipped image ID: 340617.jpg
2025-07-22 20:53:04,820 - csv_importer - INFO - Inserted skipped image ID: 341657.jpg
2025-07-22 20:53:04,886 - csv_importer - INFO - Inserted skipped image ID: 343670.jpg
2025-07-22 20:53:04,950 - csv_importer - INFO - Inserted skipped image ID: 343835.jpg
2025-07-22 20:53:05,012 - csv_importer - INFO - Inserted skipped image ID: 346766.jpg
2025-07-22 20:53:05,077 - csv_importer - INFO - Inserted skipped image ID: 349597.jpg
2025-07-22 20:53:05,146 - csv_importer - INFO - Inserted skipped image ID: 349599.jpg
2025-07-22 20:53:05,219 - csv_importer - INFO - Inserted skipped image ID: 353050.jpg
2025-07-22 20:53:05,283 - csv_importer - INFO - Inserted skipped image ID: 354175.jpg
2025-07-22 20:53:05,344 - csv_importer - INFO - Inserted skipped image ID: 354176.jpg
2025-07-22 20:53:05,410 - csv_importer - INFO - Inserted skipped image ID: 354177.jpg
2025-07-22 20:53:05,473 - csv_importer - INFO - Inserted skipped image ID: 354178.jpg
2025-07-22 20:53:05,536 - csv_importer - INFO - Inserted skipped image ID: 354179.jpg
2025-07-22 20:53:05,597 - csv_importer - INFO - Inserted skipped image ID: 354180.jpg
2025-07-22 20:53:05,661 - csv_importer - INFO - Inserted skipped image ID: 354190.jpg
2025-07-22 20:53:05,723 - csv_importer - INFO - Inserted skipped image ID: 356489.jpg
2025-07-22 20:53:05,787 - csv_importer - INFO - Inserted skipped image ID: 356490.jpg
2025-07-22 20:53:05,855 - csv_importer - INFO - Inserted skipped image ID: 356491.jpg
2025-07-22 20:53:05,920 - csv_importer - INFO - Inserted skipped image ID: 362912.jpg
2025-07-22 20:53:05,980 - csv_importer - INFO - Inserted skipped image ID: 365493.jpg
2025-07-22 20:53:06,041 - csv_importer - INFO - Inserted skipped image ID: 365573.jpg
2025-07-22 20:53:06,102 - csv_importer - INFO - Inserted skipped image ID: 366276.jpg
2025-07-22 20:53:06,166 - csv_importer - INFO - Inserted skipped image ID: 379809.jpg
2025-07-22 20:53:06,230 - csv_importer - INFO - Inserted skipped image ID: 379811.jpg
2025-07-22 20:53:06,290 - csv_importer - INFO - Inserted skipped image ID: 379813.jpg
2025-07-22 20:53:06,351 - csv_importer - INFO - Inserted skipped image ID: 379814.jpg
2025-07-22 20:53:06,412 - csv_importer - INFO - Inserted skipped image ID: 379815.jpg
2025-07-22 20:53:06,476 - csv_importer - INFO - Inserted skipped image ID: 379817.jpg
2025-07-22 20:53:06,537 - csv_importer - INFO - Inserted skipped image ID: 379819.jpg
2025-07-22 20:53:06,595 - csv_importer - INFO - Inserted skipped image ID: 379820.jpg
2025-07-22 20:53:06,658 - csv_importer - INFO - Inserted skipped image ID: 379821.jpg
2025-07-22 20:53:06,719 - csv_importer - INFO - Inserted skipped image ID: 379822.jpg
2025-07-22 20:53:06,781 - csv_importer - INFO - Inserted skipped image ID: 379824.jpg
2025-07-22 20:53:06,843 - csv_importer - INFO - Inserted skipped image ID: 379831.jpg
2025-07-22 20:53:06,906 - csv_importer - INFO - Inserted skipped image ID: 379835.jpg
2025-07-22 20:53:06,968 - csv_importer - INFO - Inserted skipped image ID: 379837.jpg
2025-07-22 20:53:07,030 - csv_importer - INFO - Inserted skipped image ID: 379839.jpg
2025-07-22 20:53:07,092 - csv_importer - INFO - Inserted skipped image ID: 379841.jpg
2025-07-22 20:53:07,158 - csv_importer - INFO - Inserted skipped image ID: 379847.jpg
2025-07-22 20:53:07,228 - csv_importer - INFO - Inserted skipped image ID: 379855.jpg
2025-07-22 20:53:07,289 - csv_importer - INFO - Inserted skipped image ID: 379859.jpg
2025-07-22 20:53:07,350 - csv_importer - INFO - Inserted skipped image ID: 379861.jpg
2025-07-22 20:53:07,412 - csv_importer - INFO - Inserted skipped image ID: 380376.jpg
2025-07-22 20:53:07,481 - csv_importer - INFO - Inserted skipped image ID: 381606.jpg
2025-07-22 20:53:07,546 - csv_importer - INFO - Inserted skipped image ID: 381608.jpg
2025-07-22 20:53:07,607 - csv_importer - INFO - Inserted skipped image ID: 382168.jpg
2025-07-22 20:53:07,670 - csv_importer - INFO - Inserted skipped image ID: 387341.jpg
2025-07-22 20:53:07,731 - csv_importer - INFO - Inserted skipped image ID: 387558.jpg
2025-07-22 20:53:07,793 - csv_importer - INFO - Inserted skipped image ID: 387713.jpg
2025-07-22 20:53:07,855 - csv_importer - INFO - Inserted skipped image ID: 389515.jpg
2025-07-22 20:53:07,916 - csv_importer - INFO - Inserted skipped image ID: 390819.jpg
2025-07-22 20:53:07,977 - csv_importer - INFO - Inserted skipped image ID: 390820.jpg
2025-07-22 20:53:08,042 - csv_importer - INFO - Inserted skipped image ID: 396970.jpg
2025-07-22 20:53:08,108 - csv_importer - INFO - Inserted skipped image ID: 396972.jpg
2025-07-22 20:53:08,171 - csv_importer - INFO - Inserted skipped image ID: 398981 (1).jpg
2025-07-22 20:53:08,234 - csv_importer - INFO - Inserted skipped image ID: 399418.jpg
2025-07-22 20:53:08,296 - csv_importer - INFO - Inserted skipped image ID: 399419.jpg
2025-07-22 20:53:08,359 - csv_importer - INFO - Inserted skipped image ID: 401667.jpg
2025-07-22 20:53:08,424 - csv_importer - INFO - Inserted skipped image ID: 413906.jpg
2025-07-22 20:53:08,488 - csv_importer - INFO - Inserted skipped image ID: 417268.jpg
2025-07-22 20:53:08,549 - csv_importer - INFO - Inserted skipped image ID: 417271.jpg
2025-07-22 20:53:08,611 - csv_importer - INFO - Inserted skipped image ID: 418075.jpg
2025-07-22 20:53:08,677 - csv_importer - INFO - Inserted skipped image ID: 418418.jpg
2025-07-22 20:53:08,740 - csv_importer - INFO - Inserted skipped image ID: 418635.jpg
2025-07-22 20:53:08,801 - csv_importer - INFO - Inserted skipped image ID: 418637.jpg
2025-07-22 20:53:08,875 - csv_importer - INFO - Inserted skipped image ID: 418639.jpg
2025-07-22 20:53:08,934 - csv_importer - INFO - Inserted skipped image ID: 418641.jpg
2025-07-22 20:53:08,997 - csv_importer - INFO - Inserted skipped image ID: 418717.jpg
2025-07-22 20:53:09,060 - csv_importer - INFO - Inserted skipped image ID: 426324.jpg
2025-07-22 20:53:09,120 - csv_importer - INFO - Inserted skipped image ID: 433480.jpg
2025-07-22 20:53:09,184 - csv_importer - INFO - Inserted skipped image ID: 433481.jpg
2025-07-22 20:53:09,244 - csv_importer - INFO - Inserted skipped image ID: 448001.jpg
2025-07-22 20:53:09,314 - csv_importer - INFO - Inserted skipped image ID: 448003.jpg
2025-07-22 20:53:09,376 - csv_importer - INFO - Inserted skipped image ID: 448304.jpg
2025-07-22 20:53:09,439 - csv_importer - INFO - Inserted skipped image ID: 450271.jpg
2025-07-22 20:53:09,501 - csv_importer - INFO - Inserted skipped image ID: 453583.jpg
2025-07-22 20:53:09,567 - csv_importer - INFO - Inserted skipped image ID: 454041.jpg
2025-07-22 20:53:09,634 - csv_importer - INFO - Inserted skipped image ID: 454082.jpg
2025-07-22 20:53:09,696 - csv_importer - INFO - Inserted skipped image ID: 454083.jpg
2025-07-22 20:53:09,760 - csv_importer - INFO - Inserted skipped image ID: 454084.jpg
2025-07-22 20:53:09,823 - csv_importer - INFO - Inserted skipped image ID: 455363.jpg
2025-07-22 20:53:09,894 - csv_importer - INFO - Inserted skipped image ID: 456279.jpg
2025-07-22 20:53:09,959 - csv_importer - INFO - Inserted skipped image ID: 456280.jpg
2025-07-22 20:53:10,020 - csv_importer - INFO - Inserted skipped image ID: 460539.jpg
2025-07-22 20:53:10,082 - csv_importer - INFO - Inserted skipped image ID: 461945.jpg
2025-07-22 20:53:10,145 - csv_importer - INFO - Inserted skipped image ID: 461946.jpg
2025-07-22 20:53:10,206 - csv_importer - INFO - Inserted skipped image ID: 463311.jpg
2025-07-22 20:53:10,272 - csv_importer - INFO - Inserted skipped image ID: 466726.jpg
2025-07-22 20:53:10,332 - csv_importer - INFO - Inserted skipped image ID: 467914.jpg
2025-07-22 20:53:10,393 - csv_importer - INFO - Inserted skipped image ID: 468040.jpg
2025-07-22 20:53:10,456 - csv_importer - INFO - Inserted skipped image ID: 469440.jpg
2025-07-22 20:53:10,522 - csv_importer - INFO - Inserted skipped image ID: 471260.jpg
2025-07-22 20:53:10,594 - csv_importer - INFO - Inserted skipped image ID: 471348.jpg
2025-07-22 20:53:10,656 - csv_importer - INFO - Inserted skipped image ID: 474883.jpg
2025-07-22 20:53:10,717 - csv_importer - INFO - Inserted skipped image ID: 476489.jpg
2025-07-22 20:53:10,777 - csv_importer - INFO - Inserted skipped image ID: 477755.jpg
2025-07-22 20:53:10,841 - csv_importer - INFO - Inserted skipped image ID: 477757.jpg
2025-07-22 20:53:10,907 - csv_importer - INFO - Inserted skipped image ID: 477759.jpg
2025-07-22 20:53:10,967 - csv_importer - INFO - Inserted skipped image ID: 479033.jpg
2025-07-22 20:53:11,030 - csv_importer - INFO - Inserted skipped image ID: 479125.jpg
2025-07-22 20:53:11,092 - csv_importer - INFO - Inserted skipped image ID: 483698.jpg
2025-07-22 20:53:11,153 - csv_importer - INFO - Inserted skipped image ID: 483936.jpg
2025-07-22 20:53:11,216 - csv_importer - INFO - Inserted skipped image ID: 486607.jpg
2025-07-22 20:53:11,281 - csv_importer - INFO - Inserted skipped image ID: 487637.jpg
2025-07-22 20:53:11,344 - csv_importer - INFO - Inserted skipped image ID: 487802.jpg
2025-07-22 20:53:11,408 - csv_importer - INFO - Inserted skipped image ID: 491008.jpg
2025-07-22 20:53:11,473 - csv_importer - INFO - Inserted skipped image ID: 492380.jpg
2025-07-22 20:53:11,538 - csv_importer - INFO - Inserted skipped image ID: 492703.jpg
2025-07-22 20:53:11,602 - csv_importer - INFO - Inserted skipped image ID: 492711.jpg
2025-07-22 20:53:11,668 - csv_importer - INFO - Inserted skipped image ID: 492712.jpg
2025-07-22 20:53:11,741 - csv_importer - INFO - Inserted skipped image ID: 492713.jpg
2025-07-22 20:53:11,811 - csv_importer - INFO - Inserted skipped image ID: 494648.jpg
2025-07-22 20:53:11,873 - csv_importer - INFO - Inserted skipped image ID: 495526.jpg
2025-07-22 20:53:11,940 - csv_importer - INFO - Inserted skipped image ID: 495829.jpg
2025-07-22 20:53:12,004 - csv_importer - INFO - Inserted skipped image ID: 495830.jpg
2025-07-22 20:53:12,078 - csv_importer - INFO - Inserted skipped image ID: 497164.jpg
2025-07-22 20:53:12,142 - csv_importer - INFO - Inserted skipped image ID: 497359.jpg
2025-07-22 20:53:12,204 - csv_importer - INFO - Inserted skipped image ID: 497536.jpg
2025-07-22 20:53:12,267 - csv_importer - INFO - Inserted skipped image ID: 497538.jpg
2025-07-22 20:53:12,332 - csv_importer - INFO - Inserted skipped image ID: 498171 (1).jpg
2025-07-22 20:53:12,397 - csv_importer - INFO - Inserted skipped image ID: 498195.jpg
2025-07-22 20:53:12,461 - csv_importer - INFO - Inserted skipped image ID: 498207.jpg
2025-07-22 20:53:12,520 - csv_importer - INFO - Inserted skipped image ID: 499133.jpg
2025-07-22 20:53:12,586 - csv_importer - INFO - Inserted skipped image ID: 501595.jpg
2025-07-22 20:53:12,647 - csv_importer - INFO - Inserted skipped image ID: 502959.jpg
2025-07-22 20:53:12,720 - csv_importer - INFO - Inserted skipped image ID: 503024.jpg
2025-07-22 20:53:12,787 - csv_importer - INFO - Inserted skipped image ID: 504924.jpg
2025-07-22 20:53:12,859 - csv_importer - INFO - Inserted skipped image ID: 505587.jpg
2025-07-22 20:53:12,923 - csv_importer - INFO - Inserted skipped image ID: 519890.jpg
2025-07-22 20:53:12,986 - csv_importer - INFO - Inserted skipped image ID: 522729.jpg
2025-07-22 20:53:13,051 - csv_importer - INFO - Inserted skipped image ID: 523857.jpg
2025-07-22 20:53:13,113 - csv_importer - INFO - Inserted skipped image ID: 525464.jpg
2025-07-22 20:53:13,180 - csv_importer - INFO - Inserted skipped image ID: 525465.jpg
2025-07-22 20:53:13,243 - csv_importer - INFO - Inserted skipped image ID: 526861.jpg
2025-07-22 20:53:13,306 - csv_importer - INFO - Inserted skipped image ID: 529267.jpg
2025-07-22 20:53:13,366 - csv_importer - INFO - Inserted skipped image ID: 529323.jpg
2025-07-22 20:53:13,433 - csv_importer - INFO - Inserted skipped image ID: 530052.jpg
2025-07-22 20:53:13,494 - csv_importer - INFO - Inserted skipped image ID: 530070.jpg
2025-07-22 20:53:13,557 - csv_importer - INFO - Inserted skipped image ID: 530095.jpg
2025-07-22 20:53:13,618 - csv_importer - INFO - Inserted skipped image ID: 540855.jpg
2025-07-22 20:53:13,682 - csv_importer - INFO - Inserted skipped image ID: 540910.jpg
2025-07-22 20:53:13,746 - csv_importer - INFO - Inserted skipped image ID: 543094.jpg
2025-07-22 20:53:13,808 - csv_importer - INFO - Inserted skipped image ID: 545550.jpg
2025-07-22 20:53:13,870 - csv_importer - INFO - Inserted skipped image ID: 545801.jpg
2025-07-22 20:53:13,932 - csv_importer - INFO - Inserted skipped image ID: 561569.jpg
2025-07-22 20:53:13,996 - csv_importer - INFO - Inserted skipped image ID: 561697.jpg
2025-07-22 20:53:14,073 - csv_importer - INFO - Inserted skipped image ID: 561698.jpg
2025-07-22 20:53:14,135 - csv_importer - INFO - Inserted skipped image ID: 561703.jpg
2025-07-22 20:53:14,212 - csv_importer - INFO - Inserted skipped image ID: 573459.jpg
2025-07-22 20:53:14,274 - csv_importer - INFO - Inserted skipped image ID: 581230.jpg
2025-07-22 20:53:14,337 - csv_importer - INFO - Inserted skipped image ID: 581387.jpg
2025-07-22 20:53:14,400 - csv_importer - INFO - Inserted skipped image ID: 583060.jpg
2025-07-22 20:53:14,463 - csv_importer - INFO - Inserted skipped image ID: 590223.jpg
2025-07-22 20:53:14,538 - csv_importer - INFO - Inserted skipped image ID: 590243.jpg
2025-07-22 20:53:14,597 - csv_importer - INFO - Inserted skipped image ID: 590244.jpg
2025-07-22 20:53:14,658 - csv_importer - INFO - Inserted skipped image ID: 592613.jpg
2025-07-22 20:53:14,720 - csv_importer - INFO - Inserted skipped image ID: 593464.jpg
2025-07-22 20:53:14,782 - csv_importer - INFO - Inserted skipped image ID: 596750.jpg
2025-07-22 20:53:14,843 - csv_importer - INFO - Inserted skipped image ID: 596751.jpg
2025-07-22 20:53:14,905 - csv_importer - INFO - Inserted skipped image ID: 596752.jpg
2025-07-22 20:53:14,969 - csv_importer - INFO - Inserted skipped image ID: 596753.jpg
2025-07-22 20:53:15,029 - csv_importer - INFO - Inserted skipped image ID: 597545.jpg
2025-07-22 20:53:15,097 - csv_importer - INFO - Inserted skipped image ID: 597546.jpg
2025-07-22 20:53:15,168 - csv_importer - INFO - Inserted skipped image ID: 597547.jpg
2025-07-22 20:53:15,233 - csv_importer - INFO - Inserted skipped image ID: 597548.jpg
2025-07-22 20:53:15,294 - csv_importer - INFO - Inserted skipped image ID: 599803.jpg
2025-07-22 20:53:15,356 - csv_importer - INFO - Inserted skipped image ID: 600530.jpg
2025-07-22 20:53:15,416 - csv_importer - INFO - Inserted skipped image ID: 600531.jpg
2025-07-22 20:53:15,477 - csv_importer - INFO - Inserted skipped image ID: 607099.jpg
2025-07-22 20:53:15,541 - csv_importer - INFO - Inserted skipped image ID: 614584.jpg
2025-07-22 20:53:15,603 - csv_importer - INFO - Inserted skipped image ID: 619401.jpg
2025-07-22 20:53:15,670 - csv_importer - INFO - Inserted skipped image ID: 620506.jpg
2025-07-22 20:53:15,732 - csv_importer - INFO - Inserted skipped image ID: 624395.jpg
2025-07-22 20:53:15,794 - csv_importer - INFO - Inserted skipped image ID: 626463.jpg
2025-07-22 20:53:15,856 - csv_importer - INFO - Inserted skipped image ID: 626464.jpg
2025-07-22 20:53:15,927 - csv_importer - INFO - Inserted skipped image ID: 631778.jpg
2025-07-22 20:53:15,991 - csv_importer - INFO - Inserted skipped image ID: 631779.jpg
2025-07-22 20:53:16,052 - csv_importer - INFO - Inserted skipped image ID: 631803.jpg
2025-07-22 20:53:16,114 - csv_importer - INFO - Inserted skipped image ID: 632411.jpg
2025-07-22 20:53:16,176 - csv_importer - INFO - Inserted skipped image ID: 644556.jpg
2025-07-22 20:53:16,239 - csv_importer - INFO - Inserted skipped image ID: 644558.jpg
2025-07-22 20:53:16,301 - csv_importer - INFO - Inserted skipped image ID: 644559.jpg
2025-07-22 20:53:16,365 - csv_importer - INFO - Inserted skipped image ID: 645055.jpg
2025-07-22 20:53:16,439 - csv_importer - INFO - Inserted skipped image ID: 646802.jpg
2025-07-22 20:53:16,501 - csv_importer - INFO - Inserted skipped image ID: 653777.jpg
2025-07-22 20:53:16,565 - csv_importer - INFO - Inserted skipped image ID: 655057.jpg
2025-07-22 20:53:16,630 - csv_importer - INFO - Inserted skipped image ID: 655231.jpg
2025-07-22 20:53:16,693 - csv_importer - INFO - Inserted skipped image ID: 655431.jpg
2025-07-22 20:53:16,755 - csv_importer - INFO - Inserted skipped image ID: 656115.jpg
2025-07-22 20:53:16,818 - csv_importer - INFO - Inserted skipped image ID: 657947.jpg
2025-07-22 20:53:16,881 - csv_importer - INFO - Inserted skipped image ID: 657948.jpg
2025-07-22 20:53:16,948 - csv_importer - INFO - Inserted skipped image ID: 657949.jpg
2025-07-22 20:53:17,010 - csv_importer - INFO - Inserted skipped image ID: 658173.jpg
2025-07-22 20:53:17,078 - csv_importer - INFO - Inserted skipped image ID: 658174.jpg
2025-07-22 20:53:17,141 - csv_importer - INFO - Inserted skipped image ID: 658213.jpg
2025-07-22 20:53:17,207 - csv_importer - INFO - Inserted skipped image ID: 658315.jpg
2025-07-22 20:53:17,270 - csv_importer - INFO - Inserted skipped image ID: 659073.jpg
2025-07-22 20:53:17,333 - csv_importer - INFO - Inserted skipped image ID: 659074.jpg
2025-07-22 20:53:17,406 - csv_importer - INFO - Inserted skipped image ID: 659099.jpg
2025-07-22 20:53:17,469 - csv_importer - INFO - Inserted skipped image ID: 659992.jpg
2025-07-22 20:53:17,531 - csv_importer - INFO - Inserted skipped image ID: 661076.jpg
2025-07-22 20:53:17,593 - csv_importer - INFO - Inserted skipped image ID: 661223.jpg
2025-07-22 20:53:17,657 - csv_importer - INFO - Inserted skipped image ID: 661295.jpg
2025-07-22 20:53:17,721 - csv_importer - INFO - Inserted skipped image ID: 661296.jpg
2025-07-22 20:53:17,791 - csv_importer - INFO - Inserted skipped image ID: 661304.jpg
2025-07-22 20:53:17,855 - csv_importer - INFO - Inserted skipped image ID: 661307.jpg
2025-07-22 20:53:17,916 - csv_importer - INFO - Inserted skipped image ID: 661308.jpg
2025-07-22 20:53:17,988 - csv_importer - INFO - Inserted skipped image ID: 661309.jpg
2025-07-22 20:53:18,050 - csv_importer - INFO - Inserted skipped image ID: 661310.jpg
2025-07-22 20:53:18,113 - csv_importer - INFO - Inserted skipped image ID: 661317.jpg
2025-07-22 20:53:18,178 - csv_importer - INFO - Inserted skipped image ID: 661328.jpg
2025-07-22 20:53:18,244 - csv_importer - INFO - Inserted skipped image ID: 661329.jpg
2025-07-22 20:53:18,304 - csv_importer - INFO - Inserted skipped image ID: 661330.jpg
2025-07-22 20:53:18,375 - csv_importer - INFO - Inserted skipped image ID: 661446.jpg
2025-07-22 20:53:18,444 - csv_importer - INFO - Inserted skipped image ID: 661581.jpg
2025-07-22 20:53:18,506 - csv_importer - INFO - Inserted skipped image ID: 662560.jpg
2025-07-22 20:53:18,575 - csv_importer - INFO - Inserted skipped image ID: 662580.jpg
2025-07-22 20:53:18,638 - csv_importer - INFO - Inserted skipped image ID: 663259.jpg
2025-07-22 20:53:18,698 - csv_importer - INFO - Inserted skipped image ID: 663828.jpg
2025-07-22 20:53:18,766 - csv_importer - INFO - Inserted skipped image ID: 664113.jpg
2025-07-22 20:53:18,828 - csv_importer - INFO - Inserted skipped image ID: 664243.jpg
2025-07-22 20:53:18,892 - csv_importer - INFO - Inserted skipped image ID: 664246.jpg
2025-07-22 20:53:18,952 - csv_importer - INFO - Inserted skipped image ID: 664247.jpg
2025-07-22 20:53:19,011 - csv_importer - INFO - Inserted skipped image ID: 664248.jpg
2025-07-22 20:53:19,072 - csv_importer - INFO - Inserted skipped image ID: 664421.jpg
2025-07-22 20:53:19,132 - csv_importer - INFO - Inserted skipped image ID: 664423.jpg
2025-07-22 20:53:19,192 - csv_importer - INFO - Inserted skipped image ID: 665415.jpg
2025-07-22 20:53:19,257 - csv_importer - INFO - Inserted skipped image ID: 665515.jpg
2025-07-22 20:53:19,318 - csv_importer - INFO - Inserted skipped image ID: 665605.jpg
2025-07-22 20:53:19,379 - csv_importer - INFO - Inserted skipped image ID: 666090.jpg
2025-07-22 20:53:19,442 - csv_importer - INFO - Inserted skipped image ID: 666124.jpg
2025-07-22 20:53:19,505 - csv_importer - INFO - Inserted skipped image ID: 666135.jpg
2025-07-22 20:53:19,569 - csv_importer - INFO - Inserted skipped image ID: 666243.jpg
2025-07-22 20:53:19,628 - csv_importer - INFO - Inserted skipped image ID: 667040.jpg
2025-07-22 20:53:19,690 - csv_importer - INFO - Inserted skipped image ID: 667065.jpg
2025-07-22 20:53:19,757 - csv_importer - INFO - Inserted skipped image ID: 667163.jpg
2025-07-22 20:53:19,818 - csv_importer - INFO - Inserted skipped image ID: 667844.jpg
2025-07-22 20:53:19,881 - csv_importer - INFO - Inserted skipped image ID: 668353.jpg
2025-07-22 20:53:19,942 - csv_importer - INFO - Inserted skipped image ID: 668409.jpg
2025-07-22 20:53:20,005 - csv_importer - INFO - Inserted skipped image ID: 668410.jpg
2025-07-22 20:53:20,070 - csv_importer - INFO - Inserted skipped image ID: 668503.jpg
2025-07-22 20:53:20,133 - csv_importer - INFO - Inserted skipped image ID: 668821.jpg
2025-07-22 20:53:20,200 - csv_importer - INFO - Inserted skipped image ID: 668852.jpg
2025-07-22 20:53:20,264 - csv_importer - INFO - Inserted skipped image ID: 669686.jpg
2025-07-22 20:53:20,332 - csv_importer - INFO - Inserted skipped image ID: 670448.jpg
2025-07-22 20:53:20,395 - csv_importer - INFO - Inserted skipped image ID: 670499.jpg
2025-07-22 20:53:20,461 - csv_importer - INFO - Inserted skipped image ID: 670500.jpg
2025-07-22 20:53:20,525 - csv_importer - INFO - Inserted skipped image ID: 670501.jpg
2025-07-22 20:53:20,592 - csv_importer - INFO - Inserted skipped image ID: 671484.jpg
2025-07-22 20:53:20,653 - csv_importer - INFO - Inserted skipped image ID: 672009.jpg
2025-07-22 20:53:20,715 - csv_importer - INFO - Inserted skipped image ID: 672010.jpg
2025-07-22 20:53:20,777 - csv_importer - INFO - Inserted skipped image ID: 672011.jpg
2025-07-22 20:53:20,842 - csv_importer - INFO - Inserted skipped image ID: 672031.jpg
2025-07-22 20:53:20,907 - csv_importer - INFO - Inserted skipped image ID: 672284.jpg
2025-07-22 20:53:20,968 - csv_importer - INFO - Inserted skipped image ID: 672285.jpg
2025-07-22 20:53:21,028 - csv_importer - INFO - Inserted skipped image ID: 672515.jpg
2025-07-22 20:53:21,093 - csv_importer - INFO - Inserted skipped image ID: 672533.jpg
2025-07-22 20:53:21,156 - csv_importer - INFO - Inserted skipped image ID: 672608.jpg
2025-07-22 20:53:21,217 - csv_importer - INFO - Inserted skipped image ID: 672609.jpg
2025-07-22 20:53:21,294 - csv_importer - INFO - Inserted skipped image ID: 672610.jpg
2025-07-22 20:53:21,360 - csv_importer - INFO - Inserted skipped image ID: 672616.jpg
2025-07-22 20:53:21,423 - csv_importer - INFO - Inserted skipped image ID: 672985.jpg
2025-07-22 20:53:21,488 - csv_importer - INFO - Inserted skipped image ID: 674227.jpg
2025-07-22 20:53:21,553 - csv_importer - INFO - Inserted skipped image ID: 674930.jpg
2025-07-22 20:53:21,611 - csv_importer - INFO - Inserted skipped image ID: 674931.jpg
2025-07-22 20:53:21,674 - csv_importer - INFO - Inserted skipped image ID: 675106.jpg
2025-07-22 20:53:21,740 - csv_importer - INFO - Inserted skipped image ID: 675173.jpg
2025-07-22 20:53:21,801 - csv_importer - INFO - Inserted skipped image ID: 675174.jpg
2025-07-22 20:53:21,872 - csv_importer - INFO - Inserted skipped image ID: 675964.jpg
2025-07-22 20:53:21,942 - csv_importer - INFO - Inserted skipped image ID: 675979.jpg
2025-07-22 20:53:22,004 - csv_importer - INFO - Inserted skipped image ID: 676255.jpg
2025-07-22 20:53:22,066 - csv_importer - INFO - Inserted skipped image ID: 677667.jpg
2025-07-22 20:53:22,133 - csv_importer - INFO - Inserted skipped image ID: 678392.jpg
2025-07-22 20:53:22,197 - csv_importer - INFO - Inserted skipped image ID: 678817.jpg
2025-07-22 20:53:22,257 - csv_importer - INFO - Inserted skipped image ID: 679513.jpg
2025-07-22 20:53:22,324 - csv_importer - INFO - Inserted skipped image ID: 679709.jpg
2025-07-22 20:53:22,393 - csv_importer - INFO - Inserted skipped image ID: 679921.jpg
2025-07-22 20:53:22,455 - csv_importer - INFO - Inserted skipped image ID: 679924.jpg
2025-07-22 20:53:22,517 - csv_importer - INFO - Inserted skipped image ID: 680111.jpg
2025-07-22 20:53:22,577 - csv_importer - INFO - Inserted skipped image ID: 680112.jpg
2025-07-22 20:53:22,638 - csv_importer - INFO - Inserted skipped image ID: 680858.jpg
2025-07-22 20:53:22,701 - csv_importer - INFO - Inserted skipped image ID: 680862.jpg
2025-07-22 20:53:22,763 - csv_importer - INFO - Inserted skipped image ID: 680913.jpg
2025-07-22 20:53:22,825 - csv_importer - INFO - Inserted skipped image ID: 681561.jpg
2025-07-22 20:53:22,887 - csv_importer - INFO - Inserted skipped image ID: 681636.jpg
2025-07-22 20:53:22,948 - csv_importer - INFO - Inserted skipped image ID: 683656.jpg
2025-07-22 20:53:23,011 - csv_importer - INFO - Inserted skipped image ID: 684274.jpg
2025-07-22 20:53:23,075 - csv_importer - INFO - Inserted skipped image ID: 684275.jpg
2025-07-22 20:53:23,137 - csv_importer - INFO - Inserted skipped image ID: 684276.jpg
2025-07-22 20:53:23,197 - csv_importer - INFO - Inserted skipped image ID: 684277.jpg
2025-07-22 20:53:23,268 - csv_importer - INFO - Inserted skipped image ID: 684278.jpg
2025-07-22 20:53:23,331 - csv_importer - INFO - Inserted skipped image ID: 684279.jpg
2025-07-22 20:53:23,396 - csv_importer - INFO - Inserted skipped image ID: 685209.jpg
2025-07-22 20:53:23,459 - csv_importer - INFO - Inserted skipped image ID: 685226.jpg
2025-07-22 20:53:23,526 - csv_importer - INFO - Inserted skipped image ID: 685260.jpg
2025-07-22 20:53:23,587 - csv_importer - INFO - Inserted skipped image ID: 685554.jpg
2025-07-22 20:53:23,652 - csv_importer - INFO - Inserted skipped image ID: 685555.jpg
2025-07-22 20:53:23,714 - csv_importer - INFO - Inserted skipped image ID: 685556.jpg
2025-07-22 20:53:23,778 - csv_importer - INFO - Inserted skipped image ID: 685557.jpg
2025-07-22 20:53:23,847 - csv_importer - INFO - Inserted skipped image ID: 685559.jpg
2025-07-22 20:53:23,913 - csv_importer - INFO - Inserted skipped image ID: 685560.jpg
2025-07-22 20:53:23,975 - csv_importer - INFO - Inserted skipped image ID: 685908.jpg
2025-07-22 20:53:24,041 - csv_importer - INFO - Inserted skipped image ID: 685912.jpg
2025-07-22 20:53:24,102 - csv_importer - INFO - Inserted skipped image ID: 685997.jpg
2025-07-22 20:53:24,165 - csv_importer - INFO - Inserted skipped image ID: 686121.jpg
2025-07-22 20:53:24,226 - csv_importer - INFO - Inserted skipped image ID: 686512.jpg
2025-07-22 20:53:24,289 - csv_importer - INFO - Inserted skipped image ID: 686513.jpg
2025-07-22 20:53:24,353 - csv_importer - INFO - Inserted skipped image ID: 686527.jpg
2025-07-22 20:53:24,417 - csv_importer - INFO - Inserted skipped image ID: 686528.jpg
2025-07-22 20:53:24,480 - csv_importer - INFO - Inserted skipped image ID: 686607.jpg
2025-07-22 20:53:24,541 - csv_importer - INFO - Inserted skipped image ID: 686682.jpg
2025-07-22 20:53:24,606 - csv_importer - INFO - Inserted skipped image ID: 686687.jpg
2025-07-22 20:53:24,669 - csv_importer - INFO - Inserted skipped image ID: 687066.jpg
2025-07-22 20:53:24,733 - csv_importer - INFO - Inserted skipped image ID: 687135.jpg
2025-07-22 20:53:24,794 - csv_importer - INFO - Inserted skipped image ID: 687664.jpg
2025-07-22 20:53:24,856 - csv_importer - INFO - Inserted skipped image ID: 687712.jpg
2025-07-22 20:53:24,922 - csv_importer - INFO - Inserted skipped image ID: 688284.jpg
2025-07-22 20:53:24,985 - csv_importer - INFO - Inserted skipped image ID: 688285.jpg
2025-07-22 20:53:25,049 - csv_importer - INFO - Inserted skipped image ID: 688949.jpg
2025-07-22 20:53:25,114 - csv_importer - INFO - Inserted skipped image ID: 631603.jpg
2025-07-22 20:53:25,176 - csv_importer - INFO - Inserted skipped image ID: 631605.jpg
2025-07-22 20:53:25,242 - csv_importer - INFO - Inserted skipped image ID: 631773.jpg
2025-07-22 20:53:25,307 - csv_importer - INFO - Inserted skipped image ID: 631893.jpg
2025-07-22 20:53:25,371 - csv_importer - INFO - Inserted skipped image ID: 631994.jpg
2025-07-22 20:53:25,435 - csv_importer - INFO - Inserted skipped image ID: 631999.jpg
2025-07-22 20:53:25,501 - csv_importer - INFO - Inserted skipped image ID: 632009.jpg
2025-07-22 20:53:25,566 - csv_importer - INFO - Inserted skipped image ID: 632010.jpg
2025-07-22 20:53:25,628 - csv_importer - INFO - Inserted skipped image ID: 632011.jpg
2025-07-22 20:53:25,692 - csv_importer - INFO - Inserted skipped image ID: 632012.jpg
2025-07-22 20:53:25,755 - csv_importer - INFO - Inserted skipped image ID: 632013.jpg
2025-07-22 20:53:25,818 - csv_importer - INFO - Inserted skipped image ID: 632014.jpg
2025-07-22 20:53:25,882 - csv_importer - INFO - Inserted skipped image ID: 632015.jpg
2025-07-22 20:53:25,945 - csv_importer - INFO - Inserted skipped image ID: 632016.jpg
2025-07-22 20:53:26,006 - csv_importer - INFO - Inserted skipped image ID: 632017.jpg
2025-07-22 20:53:26,066 - csv_importer - INFO - Inserted skipped image ID: 632018.jpg
2025-07-22 20:53:26,131 - csv_importer - INFO - Inserted skipped image ID: 632019.jpg
2025-07-22 20:53:26,193 - csv_importer - INFO - Inserted skipped image ID: 632020.jpg
2025-07-22 20:53:26,256 - csv_importer - INFO - Inserted skipped image ID: 632021.jpg
2025-07-22 20:53:26,320 - csv_importer - INFO - Inserted skipped image ID: 632023.jpg
2025-07-22 20:53:26,382 - csv_importer - INFO - Inserted skipped image ID: 632025.jpg
2025-07-22 20:53:26,442 - csv_importer - INFO - Inserted skipped image ID: 632027.jpg
2025-07-22 20:53:26,506 - csv_importer - INFO - Inserted skipped image ID: 632028.jpg
2025-07-22 20:53:26,568 - csv_importer - INFO - Inserted skipped image ID: 632029.jpg
2025-07-22 20:53:26,635 - csv_importer - INFO - Inserted skipped image ID: 632031.jpg
2025-07-22 20:53:26,698 - csv_importer - INFO - Inserted skipped image ID: 632032.jpg
2025-07-22 20:53:26,761 - csv_importer - INFO - Inserted skipped image ID: 632040.jpg
2025-07-22 20:53:26,821 - csv_importer - INFO - Inserted skipped image ID: 632042.jpg
2025-07-22 20:53:26,886 - csv_importer - INFO - Inserted skipped image ID: 632044.jpg
2025-07-22 20:53:26,945 - csv_importer - INFO - Inserted skipped image ID: 632047.jpg
2025-07-22 20:53:27,008 - csv_importer - INFO - Inserted skipped image ID: 632079.jpg
2025-07-22 20:53:27,071 - csv_importer - INFO - Inserted skipped image ID: 632080.jpg
2025-07-22 20:53:27,134 - csv_importer - INFO - Inserted skipped image ID: 632081.jpg
2025-07-22 20:53:27,205 - csv_importer - INFO - Inserted skipped image ID: 632082.jpg
2025-07-22 20:53:27,271 - csv_importer - INFO - Inserted skipped image ID: 632163.jpg
2025-07-22 20:53:27,336 - csv_importer - INFO - Inserted skipped image ID: 632164.jpg
2025-07-22 20:53:27,403 - csv_importer - INFO - Inserted skipped image ID: 632165.jpg
2025-07-22 20:53:27,467 - csv_importer - INFO - Inserted skipped image ID: 632250.jpg
2025-07-22 20:53:27,531 - csv_importer - INFO - Inserted skipped image ID: 632691.jpg
2025-07-22 20:53:27,598 - csv_importer - INFO - Inserted skipped image ID: 632692.jpg
2025-07-22 20:53:27,659 - csv_importer - INFO - Inserted skipped image ID: 632693.jpg
2025-07-22 20:53:27,723 - csv_importer - INFO - Inserted skipped image ID: 632695.jpg
2025-07-22 20:53:27,789 - csv_importer - INFO - Inserted skipped image ID: 633045.jpg
2025-07-22 20:53:27,851 - csv_importer - INFO - Inserted skipped image ID: 633046.jpg
2025-07-22 20:53:27,916 - csv_importer - INFO - Inserted skipped image ID: 633081.jpg
2025-07-22 20:53:27,986 - csv_importer - INFO - Inserted skipped image ID: 633082.jpg
2025-07-22 20:53:28,049 - csv_importer - INFO - Inserted skipped image ID: 633083.jpg
2025-07-22 20:53:28,110 - csv_importer - INFO - Inserted skipped image ID: 633105.jpg
2025-07-22 20:53:28,174 - csv_importer - INFO - Inserted skipped image ID: 633106.jpg
2025-07-22 20:53:28,238 - csv_importer - INFO - Inserted skipped image ID: 633151.jpg
2025-07-22 20:53:28,303 - csv_importer - INFO - Inserted skipped image ID: 633152.jpg
2025-07-22 20:53:28,368 - csv_importer - INFO - Inserted skipped image ID: 633167.jpg
2025-07-22 20:53:28,432 - csv_importer - INFO - Inserted skipped image ID: 633169.jpg
2025-07-22 20:53:28,497 - csv_importer - INFO - Inserted skipped image ID: 633386.jpg
2025-07-22 20:53:28,568 - csv_importer - INFO - Inserted skipped image ID: 633387.jpg
2025-07-22 20:53:28,632 - csv_importer - INFO - Inserted skipped image ID: 633388.jpg
2025-07-22 20:53:28,699 - csv_importer - INFO - Inserted skipped image ID: 633389.jpg
2025-07-22 20:53:28,772 - csv_importer - INFO - Inserted skipped image ID: 634266.jpg
2025-07-22 20:53:28,838 - csv_importer - INFO - Inserted skipped image ID: 634267.jpg
2025-07-22 20:53:28,900 - csv_importer - INFO - Inserted skipped image ID: 634268.jpg
2025-07-22 20:53:28,973 - csv_importer - INFO - Inserted skipped image ID: 634328.jpg
2025-07-22 20:53:29,040 - csv_importer - INFO - Inserted skipped image ID: 634329.jpg
2025-07-22 20:53:29,101 - csv_importer - INFO - Inserted skipped image ID: 634331.jpg
2025-07-22 20:53:29,164 - csv_importer - INFO - Inserted skipped image ID: 634332.jpg
2025-07-22 20:53:29,233 - csv_importer - INFO - Inserted skipped image ID: 634383.jpg
2025-07-22 20:53:29,298 - csv_importer - INFO - Inserted skipped image ID: 634445.jpg
2025-07-22 20:53:29,361 - csv_importer - INFO - Inserted skipped image ID: 634607.jpg
2025-07-22 20:53:29,434 - csv_importer - INFO - Inserted skipped image ID: 634957.jpg
2025-07-22 20:53:29,501 - csv_importer - INFO - Inserted skipped image ID: 635053.jpg
2025-07-22 20:53:29,562 - csv_importer - INFO - Inserted skipped image ID: 635323.jpg
2025-07-22 20:53:29,624 - csv_importer - INFO - Inserted skipped image ID: 635482.jpg
2025-07-22 20:53:29,697 - csv_importer - INFO - Inserted skipped image ID: 635621.jpg
2025-07-22 20:53:29,759 - csv_importer - INFO - Inserted skipped image ID: 635742.jpg
2025-07-22 20:53:29,829 - csv_importer - INFO - Inserted skipped image ID: 635743.jpg
2025-07-22 20:53:30,047 - csv_importer - INFO - Inserted skipped image ID: 635744.jpg
2025-07-22 20:53:30,244 - csv_importer - INFO - Inserted skipped image ID: 636164.jpg
2025-07-22 20:53:30,602 - csv_importer - INFO - Inserted skipped image ID: 636299.jpg
2025-07-22 20:53:30,809 - csv_importer - INFO - Inserted skipped image ID: 636300.jpg
2025-07-22 20:53:30,992 - csv_importer - INFO - Inserted skipped image ID: 636301.jpg
2025-07-22 20:53:31,053 - csv_importer - INFO - Inserted skipped image ID: 636302.jpg
2025-07-22 20:53:31,169 - csv_importer - INFO - Inserted skipped image ID: 636303.jpg
2025-07-22 20:53:31,232 - csv_importer - INFO - Inserted skipped image ID: 636304.jpg
2025-07-22 20:53:31,468 - csv_importer - INFO - Inserted skipped image ID: 636315.jpg
2025-07-22 20:53:31,581 - csv_importer - INFO - Inserted skipped image ID: 636316.jpg
2025-07-22 20:53:31,641 - csv_importer - INFO - Inserted skipped image ID: 636324.jpg
2025-07-22 20:53:31,830 - csv_importer - INFO - Inserted skipped image ID: 636327.jpg
2025-07-22 20:53:31,989 - csv_importer - INFO - Inserted skipped image ID: 636331.jpg
2025-07-22 20:53:32,050 - csv_importer - INFO - Inserted skipped image ID: 636332.jpg
2025-07-22 20:53:32,116 - csv_importer - INFO - Inserted skipped image ID: 636531.jpg
2025-07-22 20:53:32,190 - csv_importer - INFO - Inserted skipped image ID: 636532.jpg
2025-07-22 20:53:32,250 - csv_importer - INFO - Inserted skipped image ID: 636711.jpg.jpg
2025-07-22 20:53:32,314 - csv_importer - INFO - Inserted skipped image ID: 636736.jpg
2025-07-22 20:53:32,377 - csv_importer - INFO - Inserted skipped image ID: 636737.jpg
2025-07-22 20:53:32,446 - csv_importer - INFO - Inserted skipped image ID: 636738.jpg
2025-07-22 20:53:32,510 - csv_importer - INFO - Inserted skipped image ID: 636739.jpg
2025-07-22 20:53:32,574 - csv_importer - INFO - Inserted skipped image ID: 636740.jpg
2025-07-22 20:53:32,637 - csv_importer - INFO - Inserted skipped image ID: 636743.jpg
2025-07-22 20:53:32,701 - csv_importer - INFO - Inserted skipped image ID: 637381.jpg
2025-07-22 20:53:32,787 - csv_importer - INFO - Inserted skipped image ID: 637382.jpg
2025-07-22 20:53:32,989 - csv_importer - INFO - Inserted skipped image ID: 637384.jpg
2025-07-22 20:53:33,094 - csv_importer - INFO - Inserted skipped image ID: 637386.jpg
2025-07-22 20:53:33,196 - csv_importer - INFO - Inserted skipped image ID: 637417.jpg
2025-07-22 20:53:33,300 - csv_importer - INFO - Inserted skipped image ID: 637445.jpg
2025-07-22 20:53:33,467 - csv_importer - INFO - Inserted skipped image ID: 637461.jpg
2025-07-22 20:53:33,673 - csv_importer - INFO - Inserted skipped image ID: 637462.jpg
2025-07-22 20:53:33,879 - csv_importer - INFO - Inserted skipped image ID: 637463.jpg
2025-07-22 20:53:34,062 - csv_importer - INFO - Inserted skipped image ID: 637464.jpg
2025-07-22 20:53:34,122 - csv_importer - INFO - Inserted skipped image ID: 637466.jpg
2025-07-22 20:53:34,241 - csv_importer - INFO - Inserted skipped image ID: 637467.jpg
2025-07-22 20:53:34,304 - csv_importer - INFO - Inserted skipped image ID: 637468.jpg
2025-07-22 20:53:34,543 - csv_importer - INFO - Inserted skipped image ID: 637469.jpg
2025-07-22 20:53:34,718 - csv_importer - INFO - Inserted skipped image ID: 637470.jpg
2025-07-22 20:53:34,903 - csv_importer - INFO - Inserted skipped image ID: 637471.jpg
2025-07-22 20:53:35,075 - csv_importer - INFO - Inserted skipped image ID: 637472.jpg
2025-07-22 20:53:35,146 - csv_importer - INFO - Inserted skipped image ID: 637473.jpg
2025-07-22 20:53:35,208 - csv_importer - INFO - Inserted skipped image ID: 637474.jpg
2025-07-22 20:53:35,272 - csv_importer - INFO - Inserted skipped image ID: 637475.jpg
2025-07-22 20:53:35,335 - csv_importer - INFO - Inserted skipped image ID: 637476.jpg
2025-07-22 20:53:35,406 - csv_importer - INFO - Inserted skipped image ID: 637477.jpg
2025-07-22 20:53:35,471 - csv_importer - INFO - Inserted skipped image ID: 637512.jpg
2025-07-22 20:53:35,534 - csv_importer - INFO - Inserted skipped image ID: 637609.jpg
2025-07-22 20:53:35,595 - csv_importer - INFO - Inserted skipped image ID: 637633.jpg
2025-07-22 20:53:35,658 - csv_importer - INFO - Inserted skipped image ID: 637634.jpg
2025-07-22 20:53:35,716 - csv_importer - ERROR - Error inserting skipped image ID: E11000 duplicate key error collection: tcg_database.jap_skipped_images index: image_name_1 dup key: { image_name: "637636.jpg" }, full error: {'index': 0, 'code': 11000, 'errmsg': 'E11000 duplicate key error collection: tcg_database.jap_skipped_images index: image_name_1 dup key: { image_name: "637636.jpg" }', 'keyPattern': {'image_name': 1}, 'keyValue': {'image_name': '637636.jpg'}}
2025-07-22 20:53:35,774 - csv_importer - INFO - Inserted skipped image ID: 637642.jpg
2025-07-22 20:53:35,838 - csv_importer - INFO - Inserted skipped image ID: 637643.jpg
2025-07-22 20:53:35,908 - csv_importer - INFO - Inserted skipped image ID: 637653.jpg
2025-07-22 20:53:35,972 - csv_importer - INFO - Inserted skipped image ID: 637654.jpg
2025-07-22 20:53:36,036 - csv_importer - INFO - Inserted skipped image ID: 637655.jpg
2025-07-22 20:53:36,103 - csv_importer - INFO - Inserted skipped image ID: 637656.jpg
2025-07-22 20:53:36,165 - csv_importer - INFO - Inserted skipped image ID: 637663.jpg
2025-07-22 20:53:36,231 - csv_importer - INFO - Inserted skipped image ID: 637676.jpg
2025-07-22 20:53:36,293 - csv_importer - INFO - Inserted skipped image ID: 637677.jpg
2025-07-22 20:53:36,358 - csv_importer - INFO - Inserted skipped image ID: 637678.jpg
2025-07-22 20:53:36,420 - csv_importer - INFO - Inserted skipped image ID: 637679.jpg
2025-07-22 20:53:36,488 - csv_importer - INFO - Inserted skipped image ID: 637680.jpg
2025-07-22 20:53:36,562 - csv_importer - INFO - Inserted skipped image ID: 637681.jpg
2025-07-22 20:53:36,625 - csv_importer - INFO - Inserted skipped image ID: 637682.jpg
2025-07-22 20:53:36,694 - csv_importer - INFO - Inserted skipped image ID: 637683.jpg
2025-07-22 20:53:36,787 - csv_importer - INFO - Inserted skipped image ID: 637990.jpg
2025-07-22 20:53:36,869 - csv_importer - INFO - Inserted skipped image ID: 637991.jpg
2025-07-22 20:53:36,933 - csv_importer - INFO - Inserted skipped image ID: 637995.jpg
2025-07-22 20:53:37,012 - csv_importer - INFO - Inserted skipped image ID: 638076.jpg
2025-07-22 20:53:37,074 - csv_importer - INFO - Inserted skipped image ID: 638084.jpg
2025-07-22 20:53:37,138 - csv_importer - INFO - Inserted skipped image ID: 638088.jpg
2025-07-22 20:53:37,197 - csv_importer - INFO - Inserted skipped image ID: 638089.jpg
2025-07-22 20:53:37,261 - csv_importer - INFO - Inserted skipped image ID: 638095.jpg
2025-07-22 20:53:37,325 - csv_importer - INFO - Inserted skipped image ID: 638096.jpg
2025-07-22 20:53:37,398 - csv_importer - INFO - Inserted skipped image ID: 638097.jpg
2025-07-22 20:53:37,462 - csv_importer - INFO - Inserted skipped image ID: 638805.jpg
2025-07-22 20:53:37,524 - csv_importer - INFO - Inserted skipped image ID: 638814.jpg
2025-07-22 20:53:37,590 - csv_importer - INFO - Inserted skipped image ID: 638883.jpg
2025-07-22 20:53:37,652 - csv_importer - INFO - Inserted skipped image ID: 638934.jpg
2025-07-22 20:53:37,713 - csv_importer - INFO - Inserted skipped image ID: 639457.jpg
2025-07-22 20:53:37,791 - csv_importer - INFO - Inserted skipped image ID: 639458.jpg
2025-07-22 20:53:37,854 - csv_importer - INFO - Inserted skipped image ID: 639459.jpg
2025-07-22 20:53:37,925 - csv_importer - INFO - Inserted skipped image ID: 639464.jpg
2025-07-22 20:53:38,008 - csv_importer - INFO - Inserted skipped image ID: 639655.jpg
2025-07-22 20:53:38,073 - csv_importer - INFO - Inserted skipped image ID: 639656.jpg
2025-07-22 20:53:38,136 - csv_importer - INFO - Inserted skipped image ID: 639657.jpg
2025-07-22 20:53:38,198 - csv_importer - INFO - Inserted skipped image ID: 639664.jpg
2025-07-22 20:53:38,261 - csv_importer - INFO - Inserted skipped image ID: 639665.jpg
2025-07-22 20:53:38,324 - csv_importer - INFO - Inserted skipped image ID: 639667.jpg
2025-07-22 20:53:38,388 - csv_importer - INFO - Inserted skipped image ID: 639669.jpg
2025-07-22 20:53:38,457 - csv_importer - INFO - Inserted skipped image ID: 639670.jpg
2025-07-22 20:53:38,529 - csv_importer - INFO - Inserted skipped image ID: 639672.jpg
2025-07-22 20:53:38,593 - csv_importer - INFO - Inserted skipped image ID: 639713.jpg
2025-07-22 20:53:38,657 - csv_importer - INFO - Inserted skipped image ID: 639828.jpg
2025-07-22 20:53:38,721 - csv_importer - INFO - Inserted skipped image ID: 639908.jpg
2025-07-22 20:53:38,785 - csv_importer - INFO - Inserted skipped image ID: 639950.jpg
2025-07-22 20:53:38,850 - csv_importer - INFO - Inserted skipped image ID: 641117.jpg
2025-07-22 20:53:38,918 - csv_importer - INFO - Inserted skipped image ID: 641167.jpg
2025-07-22 20:53:38,981 - csv_importer - INFO - Inserted skipped image ID: 641169.jpg
2025-07-22 20:53:39,043 - csv_importer - INFO - Inserted skipped image ID: 641176.jpg
2025-07-22 20:53:39,130 - csv_importer - INFO - Inserted skipped image ID: 641217.jpg
2025-07-22 20:53:39,335 - csv_importer - INFO - Inserted skipped image ID: 641434.jpg
2025-07-22 20:53:39,444 - csv_importer - INFO - Inserted skipped image ID: 641435.jpg
2025-07-22 20:53:39,656 - csv_importer - INFO - Inserted skipped image ID: 641599.jpg
2025-07-22 20:53:39,836 - csv_importer - INFO - Inserted skipped image ID: 641677.jpg
2025-07-22 20:53:40,024 - csv_importer - INFO - Inserted skipped image ID: 641679.jpg
2025-07-22 20:53:40,206 - csv_importer - INFO - Inserted skipped image ID: 641681.jpg
2025-07-22 20:53:40,277 - csv_importer - INFO - Inserted skipped image ID: 641688.jpg
2025-07-22 20:53:40,450 - csv_importer - INFO - Inserted skipped image ID: 641710.jpg
2025-07-22 20:53:40,686 - csv_importer - INFO - Inserted skipped image ID: 641711.jpg
2025-07-22 20:53:40,800 - csv_importer - INFO - Inserted skipped image ID: 641712.jpg
2025-07-22 20:53:40,866 - csv_importer - INFO - Inserted skipped image ID: 641713.jpg
2025-07-22 20:53:41,045 - csv_importer - INFO - Inserted skipped image ID: 641714.jpg
2025-07-22 20:53:41,191 - csv_importer - INFO - Inserted skipped image ID: 641715.jpg
2025-07-22 20:53:41,252 - csv_importer - INFO - Inserted skipped image ID: 641955.jpg
2025-07-22 20:53:41,316 - csv_importer - INFO - Inserted skipped image ID: 642798.jpg
2025-07-22 20:53:41,376 - csv_importer - INFO - Inserted skipped image ID: 642799.jpg
2025-07-22 20:53:41,438 - csv_importer - INFO - Inserted skipped image ID: 642800.jpg
2025-07-22 20:53:41,498 - csv_importer - INFO - Inserted skipped image ID: 642820.jpg
2025-07-22 20:53:41,561 - csv_importer - INFO - Inserted skipped image ID: 643129.jpg
2025-07-22 20:53:41,623 - csv_importer - INFO - Inserted skipped image ID: 643132.jpg
2025-07-22 20:53:41,686 - csv_importer - INFO - Inserted skipped image ID: 643133.jpg
2025-07-22 20:53:41,749 - csv_importer - INFO - Inserted skipped image ID: 643134.jpg
2025-07-22 20:53:41,812 - csv_importer - INFO - Inserted skipped image ID: 643135.jpg
2025-07-22 20:53:41,874 - csv_importer - INFO - Inserted skipped image ID: 643136.jpg
2025-07-22 20:53:41,936 - csv_importer - INFO - Inserted skipped image ID: 643137.jpg
2025-07-22 20:53:41,998 - csv_importer - INFO - Inserted skipped image ID: 643138.jpg
2025-07-22 20:53:42,058 - csv_importer - INFO - Inserted skipped image ID: 643139.jpg
2025-07-22 20:53:42,114 - csv_importer - INFO - Inserted skipped image ID: 643140.jpg
2025-07-22 20:53:42,178 - csv_importer - INFO - Inserted skipped image ID: 643141.jpg
2025-07-22 20:53:42,239 - csv_importer - INFO - Inserted skipped image ID: 643142.jpg
2025-07-22 20:53:42,301 - csv_importer - INFO - Inserted skipped image ID: 643143.jpg
2025-07-22 20:53:42,375 - csv_importer - INFO - Inserted skipped image ID: 643144.jpg
